[{"model": "admin.logentry", "pk": 1, "fields": {"action_time": "2023-08-02T23:15:35.492Z", "user": 2, "content_type": 3, "object_id": "1", "object_repr": "empresa", "action_flag": 1, "change_message": "[{\"added\": {}}]"}}, {"model": "admin.logentry", "pk": 2, "fields": {"action_time": "2023-08-02T23:15:54.714Z", "user": 2, "content_type": 3, "object_id": "2", "object_repr": "tribunal", "action_flag": 1, "change_message": "[{\"added\": {}}]"}}, {"model": "admin.logentry", "pk": 3, "fields": {"action_time": "2023-08-02T23:16:04.486Z", "user": 2, "content_type": 3, "object_id": "3", "object_repr": "operario", "action_flag": 1, "change_message": "[{\"added\": {}}]"}}, {"model": "admin.logentry", "pk": 4, "fields": {"action_time": "2023-08-02T23:17:21.627Z", "user": 2, "content_type": 4, "object_id": "1", "object_repr": "anisiomaximianodjedje", "action_flag": 2, "change_message": "[{\"changed\": {\"fields\": [\"Groups\"]}}]"}}, {"model": "admin.logentry", "pk": 5, "fields": {"action_time": "2023-08-03T00:30:29.347Z", "user": 2, "content_type": 4, "object_id": "4", "object_repr": "laboratorio", "action_flag": 1, "change_message": "[{\"added\": {}}]"}}, {"model": "admin.logentry", "pk": 6, "fields": {"action_time": "2023-08-03T00:30:36.016Z", "user": 2, "content_type": 4, "object_id": "4", "object_repr": "laboratorio", "action_flag": 2, "change_message": "[{\"changed\": {\"fields\": [\"Groups\"]}}]"}}, {"model": "admin.logentry", "pk": 7, "fields": {"action_time": "2023-08-03T00:32:23.005Z", "user": 2, "content_type": 4, "object_id": "5", "object_repr": "medico", "action_flag": 1, "change_message": "[{\"added\": {}}]"}}, {"model": "admin.logentry", "pk": 8, "fields": {"action_time": "2023-08-03T00:32:48.636Z", "user": 2, "content_type": 4, "object_id": "5", "object_repr": "medico", "action_flag": 2, "change_message": "[{\"changed\": {\"fields\": [\"Groups\"]}}]"}}, {"model": "admin.logentry", "pk": 9, "fields": {"action_time": "2023-08-28T13:59:50.932Z", "user": 2, "content_type": 4, "object_id": "9", "object_repr": "funcionario", "action_flag": 1, "change_message": "[{\"added\": {}}]"}}, {"model": "admin.logentry", "pk": 10, "fields": {"action_time": "2023-08-28T13:59:58.403Z", "user": 2, "content_type": 4, "object_id": "9", "object_repr": "funcionario", "action_flag": 2, "change_message": "[{\"changed\": {\"fields\": [\"Groups\"]}}]"}}, {"model": "admin.logentry", "pk": 11, "fields": {"action_time": "2023-08-28T14:59:41.131Z", "user": 2, "content_type": 4, "object_id": "10", "object_repr": "administrator", "action_flag": 1, "change_message": "[{\"added\": {}}]"}}, {"model": "admin.logentry", "pk": 12, "fields": {"action_time": "2023-08-28T14:59:48.299Z", "user": 2, "content_type": 4, "object_id": "10", "object_repr": "administrator", "action_flag": 2, "change_message": "[{\"changed\": {\"fields\": [\"Groups\"]}}]"}}, {"model": "admin.logentry", "pk": 13, "fields": {"action_time": "2023-08-30T10:26:05.917Z", "user": 2, "content_type": 4, "object_id": "13", "object_repr": "arquivo", "action_flag": 1, "change_message": "[{\"added\": {}}]"}}, {"model": "admin.logentry", "pk": 14, "fields": {"action_time": "2023-08-30T10:26:10.569Z", "user": 2, "content_type": 4, "object_id": "13", "object_repr": "arquivo", "action_flag": 2, "change_message": "[]"}}, {"model": "admin.logentry", "pk": 15, "fields": {"action_time": "2023-08-30T10:26:22.409Z", "user": 2, "content_type": 3, "object_id": "4", "object_repr": "arquivo", "action_flag": 1, "change_message": "[{\"added\": {}}]"}}, {"model": "admin.logentry", "pk": 16, "fields": {"action_time": "2023-08-30T10:26:37.880Z", "user": 2, "content_type": 4, "object_id": "13", "object_repr": "arquivo", "action_flag": 2, "change_message": "[{\"changed\": {\"fields\": [\"Groups\"]}}]"}}, {"model": "admin.logentry", "pk": 17, "fields": {"action_time": "2023-08-30T12:01:04.363Z", "user": 2, "content_type": 4, "object_id": "13", "object_repr": "AntonioMarcos", "action_flag": 2, "change_message": "[{\"changed\": {\"fields\": [\"Username\"]}}]"}}, {"model": "admin.logentry", "pk": 18, "fields": {"action_time": "2023-08-30T12:01:27.902Z", "user": 2, "content_type": 4, "object_id": "14", "object_repr": "RibeiroTembe", "action_flag": 1, "change_message": "[{\"added\": {}}]"}}, {"model": "admin.logentry", "pk": 19, "fields": {"action_time": "2023-08-30T12:01:39.094Z", "user": 2, "content_type": 4, "object_id": "14", "object_repr": "RibeiroTembe", "action_flag": 2, "change_message": "[{\"changed\": {\"fields\": [\"Groups\"]}}]"}}, {"model": "admin.logentry", "pk": 20, "fields": {"action_time": "2023-08-30T14:15:17.952Z", "user": 2, "content_type": 4, "object_id": "12", "object_repr": "abc", "action_flag": 2, "change_message": "[{\"changed\": {\"fields\": [\"password\"]}}]"}}, {"model": "admin.logentry", "pk": 21, "fields": {"action_time": "2023-08-30T14:15:23.711Z", "user": 2, "content_type": 4, "object_id": "12", "object_repr": "abc", "action_flag": 2, "change_message": "[]"}}, {"model": "admin.logentry", "pk": 22, "fields": {"action_time": "2023-11-28T08:34:33.283Z", "user": 21, "content_type": 4, "object_id": "9", "object_repr": "funcionario", "action_flag": 2, "change_message": "[{\"changed\": {\"fields\": [\"password\"]}}]"}}, {"model": "admin.logentry", "pk": 23, "fields": {"action_time": "2023-11-28T08:38:16.373Z", "user": 21, "content_type": 4, "object_id": "2", "object_repr": "tribunal", "action_flag": 2, "change_message": "[{\"changed\": {\"fields\": [\"password\"]}}]"}}, {"model": "admin.logentry", "pk": 24, "fields": {"action_time": "2024-01-13T08:08:34.447Z", "user": 24, "content_type": 4, "object_id": "17", "object_repr": "pixelsa", "action_flag": 2, "change_message": "[{\"changed\": {\"fields\": [\"password\"]}}]"}}, {"model": "admin.logentry", "pk": 25, "fields": {"action_time": "2024-01-13T11:18:56.426Z", "user": 24, "content_type": 4, "object_id": "25", "object_repr": "mpslimitada", "action_flag": 2, "change_message": "[{\"changed\": {\"fields\": [\"password\"]}}]"}}, {"model": "admin.logentry", "pk": 26, "fields": {"action_time": "2024-01-13T11:28:08.242Z", "user": 24, "content_type": 4, "object_id": "9", "object_repr": "funcionario", "action_flag": 2, "change_message": "[{\"changed\": {\"fields\": [\"password\"]}}]"}}, {"model": "admin.logentry", "pk": 27, "fields": {"action_time": "2024-02-16T22:51:03.548Z", "user": 24, "content_type": 4, "object_id": "25", "object_repr": "mpslimitada", "action_flag": 2, "change_message": "[{\"changed\": {\"fields\": [\"password\"]}}]"}}, {"model": "admin.logentry", "pk": 28, "fields": {"action_time": "2024-02-16T22:52:45.522Z", "user": 24, "content_type": 9, "object_id": "17", "object_repr": "Empresa object (17)", "action_flag": 2, "change_message": "[{\"changed\": {\"fields\": [\"User\"]}}]"}}, {"model": "admin.logentry", "pk": 29, "fields": {"action_time": "2024-03-08T10:58:42.092Z", "user": 24, "content_type": 4, "object_id": "31", "object_repr": "mapiinvestimentos", "action_flag": 3, "change_message": ""}}, {"model": "auth.permission", "pk": 1, "fields": {"name": "Can add log entry", "content_type": 1, "codename": "add_logentry"}}, {"model": "auth.permission", "pk": 2, "fields": {"name": "Can change log entry", "content_type": 1, "codename": "change_logentry"}}, {"model": "auth.permission", "pk": 3, "fields": {"name": "Can delete log entry", "content_type": 1, "codename": "delete_logentry"}}, {"model": "auth.permission", "pk": 4, "fields": {"name": "Can view log entry", "content_type": 1, "codename": "view_logentry"}}, {"model": "auth.permission", "pk": 5, "fields": {"name": "Can add permission", "content_type": 2, "codename": "add_permission"}}, {"model": "auth.permission", "pk": 6, "fields": {"name": "Can change permission", "content_type": 2, "codename": "change_permission"}}, {"model": "auth.permission", "pk": 7, "fields": {"name": "Can delete permission", "content_type": 2, "codename": "delete_permission"}}, {"model": "auth.permission", "pk": 8, "fields": {"name": "Can view permission", "content_type": 2, "codename": "view_permission"}}, {"model": "auth.permission", "pk": 9, "fields": {"name": "Can add group", "content_type": 3, "codename": "add_group"}}, {"model": "auth.permission", "pk": 10, "fields": {"name": "Can change group", "content_type": 3, "codename": "change_group"}}, {"model": "auth.permission", "pk": 11, "fields": {"name": "Can delete group", "content_type": 3, "codename": "delete_group"}}, {"model": "auth.permission", "pk": 12, "fields": {"name": "Can view group", "content_type": 3, "codename": "view_group"}}, {"model": "auth.permission", "pk": 13, "fields": {"name": "Can add user", "content_type": 4, "codename": "add_user"}}, {"model": "auth.permission", "pk": 14, "fields": {"name": "Can change user", "content_type": 4, "codename": "change_user"}}, {"model": "auth.permission", "pk": 15, "fields": {"name": "Can delete user", "content_type": 4, "codename": "delete_user"}}, {"model": "auth.permission", "pk": 16, "fields": {"name": "Can view user", "content_type": 4, "codename": "view_user"}}, {"model": "auth.permission", "pk": 17, "fields": {"name": "Can add content type", "content_type": 5, "codename": "add_contenttype"}}, {"model": "auth.permission", "pk": 18, "fields": {"name": "Can change content type", "content_type": 5, "codename": "change_contenttype"}}, {"model": "auth.permission", "pk": 19, "fields": {"name": "Can delete content type", "content_type": 5, "codename": "delete_contenttype"}}, {"model": "auth.permission", "pk": 20, "fields": {"name": "Can view content type", "content_type": 5, "codename": "view_contenttype"}}, {"model": "auth.permission", "pk": 21, "fields": {"name": "Can add session", "content_type": 6, "codename": "add_session"}}, {"model": "auth.permission", "pk": 22, "fields": {"name": "Can change session", "content_type": 6, "codename": "change_session"}}, {"model": "auth.permission", "pk": 23, "fields": {"name": "Can delete session", "content_type": 6, "codename": "delete_session"}}, {"model": "auth.permission", "pk": 24, "fields": {"name": "Can view session", "content_type": 6, "codename": "view_session"}}, {"model": "auth.permission", "pk": 25, "fields": {"name": "Can add auth token", "content_type": 7, "codename": "add_authtoken"}}, {"model": "auth.permission", "pk": 26, "fields": {"name": "Can change auth token", "content_type": 7, "codename": "change_authtoken"}}, {"model": "auth.permission", "pk": 27, "fields": {"name": "Can delete auth token", "content_type": 7, "codename": "delete_authtoken"}}, {"model": "auth.permission", "pk": 28, "fields": {"name": "Can view auth token", "content_type": 7, "codename": "view_authtoken"}}, {"model": "auth.permission", "pk": 29, "fields": {"name": "Can add Password Reset Token", "content_type": 8, "codename": "add_resetpasswordtoken"}}, {"model": "auth.permission", "pk": 30, "fields": {"name": "Can change Password Reset Token", "content_type": 8, "codename": "change_resetpasswordtoken"}}, {"model": "auth.permission", "pk": 31, "fields": {"name": "Can delete Password Reset Token", "content_type": 8, "codename": "delete_resetpasswordtoken"}}, {"model": "auth.permission", "pk": 32, "fields": {"name": "Can view Password Reset Token", "content_type": 8, "codename": "view_resetpasswordtoken"}}, {"model": "auth.permission", "pk": 33, "fields": {"name": "Can add empresa", "content_type": 9, "codename": "add_empresa"}}, {"model": "auth.permission", "pk": 34, "fields": {"name": "Can change empresa", "content_type": 9, "codename": "change_empresa"}}, {"model": "auth.permission", "pk": 35, "fields": {"name": "Can delete empresa", "content_type": 9, "codename": "delete_empresa"}}, {"model": "auth.permission", "pk": 36, "fields": {"name": "Can view empresa", "content_type": 9, "codename": "view_empresa"}}, {"model": "auth.permission", "pk": 37, "fields": {"name": "Can add quitacao", "content_type": 10, "codename": "add_quitacao"}}, {"model": "auth.permission", "pk": 38, "fields": {"name": "Can change quitacao", "content_type": 10, "codename": "change_quitacao"}}, {"model": "auth.permission", "pk": 39, "fields": {"name": "Can delete quitacao", "content_type": 10, "codename": "delete_quitacao"}}, {"model": "auth.permission", "pk": 40, "fields": {"name": "Can view quitacao", "content_type": 10, "codename": "view_quitacao"}}, {"model": "auth.permission", "pk": 41, "fields": {"name": "Can add pedidos_ quitacao", "content_type": 11, "codename": "add_pedidos_quitacao"}}, {"model": "auth.permission", "pk": 42, "fields": {"name": "Can change pedidos_ quitacao", "content_type": 11, "codename": "change_pedidos_quitacao"}}, {"model": "auth.permission", "pk": 43, "fields": {"name": "Can delete pedidos_ quitacao", "content_type": 11, "codename": "delete_pedidos_quitacao"}}, {"model": "auth.permission", "pk": 44, "fields": {"name": "Can view pedidos_ quitacao", "content_type": 11, "codename": "view_pedidos_quitacao"}}, {"model": "auth.permission", "pk": 45, "fields": {"name": "Can add historical quitacao", "content_type": 12, "codename": "add_historicalquitacao"}}, {"model": "auth.permission", "pk": 46, "fields": {"name": "Can change historical quitacao", "content_type": 12, "codename": "change_historicalquitacao"}}, {"model": "auth.permission", "pk": 47, "fields": {"name": "Can delete historical quitacao", "content_type": 12, "codename": "delete_historicalquitacao"}}, {"model": "auth.permission", "pk": 48, "fields": {"name": "Can view historical quitacao", "content_type": 12, "codename": "view_historicalquitacao"}}, {"model": "auth.permission", "pk": 49, "fields": {"name": "Can add historical pedidos_ quitacao", "content_type": 13, "codename": "add_historicalpedidos_quitacao"}}, {"model": "auth.permission", "pk": 50, "fields": {"name": "Can change historical pedidos_ quitacao", "content_type": 13, "codename": "change_historicalpedidos_quitacao"}}, {"model": "auth.permission", "pk": 51, "fields": {"name": "Can delete historical pedidos_ quitacao", "content_type": 13, "codename": "delete_historicalpedidos_quitacao"}}, {"model": "auth.permission", "pk": 52, "fields": {"name": "Can view historical pedidos_ quitacao", "content_type": 13, "codename": "view_historicalpedidos_quitacao"}}, {"model": "auth.permission", "pk": 53, "fields": {"name": "Can add historical empresa_ quitacao", "content_type": 14, "codename": "add_historicalempresa_quitacao"}}, {"model": "auth.permission", "pk": 54, "fields": {"name": "Can change historical empresa_ quitacao", "content_type": 14, "codename": "change_historicalempresa_quitacao"}}, {"model": "auth.permission", "pk": 55, "fields": {"name": "Can delete historical empresa_ quitacao", "content_type": 14, "codename": "delete_historicalempresa_quitacao"}}, {"model": "auth.permission", "pk": 56, "fields": {"name": "Can view historical empresa_ quitacao", "content_type": 14, "codename": "view_historicalempresa_quitacao"}}, {"model": "auth.permission", "pk": 57, "fields": {"name": "Can add historical empresa", "content_type": 15, "codename": "add_historicalempresa"}}, {"model": "auth.permission", "pk": 58, "fields": {"name": "Can change historical empresa", "content_type": 15, "codename": "change_historicalempresa"}}, {"model": "auth.permission", "pk": 59, "fields": {"name": "Can delete historical empresa", "content_type": 15, "codename": "delete_historicalempresa"}}, {"model": "auth.permission", "pk": 60, "fields": {"name": "Can view historical empresa", "content_type": 15, "codename": "view_historicalempresa"}}, {"model": "auth.permission", "pk": 61, "fields": {"name": "Can add empresa_ quitacao", "content_type": 16, "codename": "add_empresa_quitacao"}}, {"model": "auth.permission", "pk": 62, "fields": {"name": "Can change empresa_ quitacao", "content_type": 16, "codename": "change_empresa_quitacao"}}, {"model": "auth.permission", "pk": 63, "fields": {"name": "Can delete empresa_ quitacao", "content_type": 16, "codename": "delete_empresa_quitacao"}}, {"model": "auth.permission", "pk": 64, "fields": {"name": "Can view empresa_ quitacao", "content_type": 16, "codename": "view_empresa_quitacao"}}, {"model": "auth.permission", "pk": 65, "fields": {"name": "Can add pagamnetos", "content_type": 17, "codename": "add_pagamnetos"}}, {"model": "auth.permission", "pk": 66, "fields": {"name": "Can change pagamnetos", "content_type": 17, "codename": "change_pagamnetos"}}, {"model": "auth.permission", "pk": 67, "fields": {"name": "Can delete pagamnetos", "content_type": 17, "codename": "delete_pagamnetos"}}, {"model": "auth.permission", "pk": 68, "fields": {"name": "Can view pagamnetos", "content_type": 17, "codename": "view_pagamnetos"}}, {"model": "auth.permission", "pk": 69, "fields": {"name": "Can add servicoes", "content_type": 18, "codename": "add_servicoes"}}, {"model": "auth.permission", "pk": 70, "fields": {"name": "Can change servicoes", "content_type": 18, "codename": "change_servicoes"}}, {"model": "auth.permission", "pk": 71, "fields": {"name": "Can delete servicoes", "content_type": 18, "codename": "delete_servicoes"}}, {"model": "auth.permission", "pk": 72, "fields": {"name": "Can view servicoes", "content_type": 18, "codename": "view_servicoes"}}, {"model": "auth.permission", "pk": 73, "fields": {"name": "Can add empresa_ atencedentes", "content_type": 19, "codename": "add_empresa_atencedentes"}}, {"model": "auth.permission", "pk": 74, "fields": {"name": "Can change empresa_ atencedentes", "content_type": 19, "codename": "change_empresa_atencedentes"}}, {"model": "auth.permission", "pk": 75, "fields": {"name": "Can delete empresa_ atencedentes", "content_type": 19, "codename": "delete_empresa_atencedentes"}}, {"model": "auth.permission", "pk": 76, "fields": {"name": "Can view empresa_ atencedentes", "content_type": 19, "codename": "view_empresa_atencedentes"}}, {"model": "auth.group", "pk": 1, "fields": {"name": "empresa", "permissions": []}}, {"model": "auth.group", "pk": 2, "fields": {"name": "tribunal", "permissions": []}}, {"model": "auth.group", "pk": 3, "fields": {"name": "operario", "permissions": []}}, {"model": "auth.group", "pk": 4, "fields": {"name": "arquivo", "permissions": []}}, {"model": "auth.user", "pk": 1, "fields": {"password": "pbkdf2_sha256$180000$ut2pjjxejNFT$4Hirv2HR1nlFEvDWSBcXjTzCLVisE2JOi2zfRfQefA8=", "last_login": null, "is_superuser": false, "username": "anisiomaximianodjedje", "first_name": "", "last_name": "", "email": "anisio2000@gmail.com", "is_staff": false, "is_active": true, "date_joined": "2023-08-02T23:13:57Z", "groups": [1], "user_permissions": []}}, {"model": "auth.user", "pk": 2, "fields": {"password": "pbkdf2_sha256$180000$bwWGhdrEoJJC$LTmAVtoZANYE/qDBF33gA0dHjF34dQGzzsA2vIxW4ZU=", "last_login": "2023-08-28T13:58:49.624Z", "is_superuser": true, "username": "tribunal", "first_name": "", "last_name": "", "email": "tribunal@gmail.com", "is_staff": true, "is_active": true, "date_joined": "2023-08-02T23:14:52.387Z", "groups": [], "user_permissions": []}}, {"model": "auth.user", "pk": 3, "fields": {"password": "pbkdf2_sha256$180000$QgNF8IwX8KBG$5YsZbzKg+rVny2hh0SUmutM0BQS2navmoDGc7CAyfrc=", "last_login": null, "is_superuser": false, "username": "marcomaximianodjedje", "first_name": "", "last_name": "", "email": "anisio2000@gmail.com", "is_staff": false, "is_active": true, "date_joined": "2023-08-02T23:18:39.348Z", "groups": [1], "user_permissions": []}}, {"model": "auth.user", "pk": 4, "fields": {"password": "pbkdf2_sha256$180000$M85fuskDO80h$s7rKu/zKOFhUUq+nANsSVq/IerTtgp/1Ev4pBXbaZ+M=", "last_login": null, "is_superuser": false, "username": "laboratorio", "first_name": "", "last_name": "", "email": "", "is_staff": false, "is_active": true, "date_joined": "2023-08-03T00:30:29Z", "groups": [3], "user_permissions": []}}, {"model": "auth.user", "pk": 5, "fields": {"password": "pbkdf2_sha256$180000$pVzDs7Kt7k0y$ioez8wHa7SnTzSCMLpVx8ljqHuble1FzoBvsC2u6Z78=", "last_login": null, "is_superuser": false, "username": "medico", "first_name": "", "last_name": "", "email": "", "is_staff": false, "is_active": true, "date_joined": "2023-08-03T00:32:22Z", "groups": [2], "user_permissions": []}}, {"model": "auth.user", "pk": 6, "fields": {"password": "pbkdf2_sha256$180000$EEswsL5cRmCh$/uHFKkG79unRAgPsYrfnvW8cjKM5w99cpo3k/NP4/jI=", "last_login": null, "is_superuser": false, "username": "carlosjunior", "first_name": "", "last_name": "", "email": "anisio2000@gmail.com", "is_staff": false, "is_active": true, "date_joined": "2023-08-03T06:22:41.962Z", "groups": [1], "user_permissions": []}}, {"model": "auth.user", "pk": 7, "fields": {"password": "pbkdf2_sha256$180000$AOxn8h6YWiPI$elv6X6E9i7VB/7+NeyLOkIHD8v9f2TzpbG6SURuzghg=", "last_login": null, "is_superuser": false, "username": "carlosjunior20238382258", "first_name": "", "last_name": "", "email": "anisio2000@gmail.com", "is_staff": false, "is_active": true, "date_joined": "2023-08-03T06:22:58.133Z", "groups": [1], "user_permissions": []}}, {"model": "auth.user", "pk": 8, "fields": {"password": "pbkdf2_sha256$180000$ZiFM72vW0CXR$1KNetp0CuWDHNPgrC8KtK9FC/kbYNOkd1IlyCZE/yRI=", "last_login": null, "is_superuser": false, "username": "numbazoa", "first_name": "", "last_name": "", "email": "anisio2000@gmail.com", "is_staff": false, "is_active": true, "date_joined": "2023-08-28T13:05:05.991Z", "groups": [1], "user_permissions": []}}, {"model": "auth.user", "pk": 9, "fields": {"password": "pbkdf2_sha256$180000$3eZmfP38Koe6$tEoN1jieYXMKjmrWYlvqqZO7uCq1is+e5F5tG9b5r6E=", "last_login": null, "is_superuser": false, "username": "funcionario", "first_name": "", "last_name": "", "email": "", "is_staff": false, "is_active": true, "date_joined": "2023-08-28T13:59:50Z", "groups": [3], "user_permissions": []}}, {"model": "auth.user", "pk": 10, "fields": {"password": "pbkdf2_sha256$180000$3vEHPu8i0R0K$SYmuYfxXylbeAH7V+w/6nt3hN42jR8QkI8Ys0fVWtZg=", "last_login": null, "is_superuser": false, "username": "administrator", "first_name": "", "last_name": "", "email": "", "is_staff": false, "is_active": true, "date_joined": "2023-08-28T14:59:41Z", "groups": [2], "user_permissions": []}}, {"model": "auth.user", "pk": 11, "fields": {"password": "pbkdf2_sha256$180000$S1XC1JVzxGqR$VZVuKNy62x7v/KzzmzfL8VykXME9/zlP4pW9SS5CBiQ=", "last_login": null, "is_superuser": false, "username": "2023828172428", "first_name": "", "last_name": "", "email": "anisio2000@gmail.com", "is_staff": false, "is_active": true, "date_joined": "2023-08-28T15:24:28.885Z", "groups": [1], "user_permissions": []}}, {"model": "auth.user", "pk": 12, "fields": {"password": "pbkdf2_sha256$180000$BIBcHynYPE6G$kfddolc1jCAz7gLcHOhHc5OWT2asmbg49YRg6Cg+aB0=", "last_login": null, "is_superuser": false, "username": "abc", "first_name": "", "last_name": "", "email": "anisio2000@gmail.com", "is_staff": false, "is_active": true, "date_joined": "2023-08-30T10:07:58Z", "groups": [1], "user_permissions": []}}, {"model": "auth.user", "pk": 13, "fields": {"password": "pbkdf2_sha256$180000$EJVhXf2juM28$Tof8276H7nKnYHXiUcGumGw8t9iF/qLQLJA/TfsIbwk=", "last_login": null, "is_superuser": false, "username": "AntonioMarcos", "first_name": "", "last_name": "", "email": "", "is_staff": false, "is_active": true, "date_joined": "2023-08-30T10:26:05Z", "groups": [4], "user_permissions": []}}, {"model": "auth.user", "pk": 14, "fields": {"password": "pbkdf2_sha256$180000$stIQw7zymfay$O/IeQ/s/4tfJHtf3PRRJ+D8Jv+Zy4orooxRpdmzAx4w=", "last_login": null, "is_superuser": false, "username": "RibeiroTembe", "first_name": "", "last_name": "", "email": "", "is_staff": false, "is_active": true, "date_joined": "2023-08-30T12:01:27Z", "groups": [4], "user_permissions": []}}, {"model": "auth.user", "pk": 15, "fields": {"password": "pbkdf2_sha256$180000$ZmTK0fDI818H$crbISfHXIY/tns7glukSSXxYu4VPBTPWzUUnnuWNIbA=", "last_login": null, "is_superuser": false, "username": "ematum", "first_name": "", "last_name": "", "email": "anisio2000@gmail.com", "is_staff": false, "is_active": true, "date_joined": "2023-08-30T19:34:09.789Z", "groups": [1], "user_permissions": []}}, {"model": "auth.user", "pk": 16, "fields": {"password": "pbkdf2_sha256$180000$mpUp0j4QRcUi$Y2K6ZwM1erdJQIO+njZVNR9IkIBP/km9sH2lc2tU3W0=", "last_login": null, "is_superuser": false, "username": "toyota", "first_name": "", "last_name": "", "email": "anisio2000@gmail.com", "is_staff": false, "is_active": true, "date_joined": "2023-08-30T19:48:24.214Z", "groups": [1], "user_permissions": []}}, {"model": "auth.user", "pk": 17, "fields": {"password": "pbkdf2_sha256$720000$072okeRZGtrKgbbPIAQd5X$PILgOPOIM4OZqn1w0JVBSqUO55dygBTY76ZE//2LTzM=", "last_login": null, "is_superuser": false, "username": "pixelsa", "first_name": "", "last_name": "", "email": "anisio2000@gmail.com", "is_staff": false, "is_active": true, "date_joined": "2023-08-31T08:32:40.246Z", "groups": [1], "user_permissions": []}}, {"model": "auth.user", "pk": 18, "fields": {"password": "pbkdf2_sha256$180000$ab1ueZ6w68qF$YMpMIyxEET/d+fPs82BGTkibBuLTUOR1WGk4uIz8rxg=", "last_login": null, "is_superuser": false, "username": "matola", "first_name": "", "last_name": "", "email": "anisio2000@gmail.com", "is_staff": false, "is_active": true, "date_joined": "2023-09-01T08:52:22.894Z", "groups": [1], "user_permissions": []}}, {"model": "auth.user", "pk": 19, "fields": {"password": "pbkdf2_sha256$180000$MgvCvAyGxzTY$yUe80KJaoLOvD08MP2CnwptZdUPChlF1ClmQykXUZNY=", "last_login": null, "is_superuser": false, "username": "faztudo", "first_name": "", "last_name": "", "email": "anisio2000@gmail.com", "is_staff": false, "is_active": true, "date_joined": "2023-09-01T09:11:37.546Z", "groups": [1], "user_permissions": []}}, {"model": "auth.user", "pk": 20, "fields": {"password": "pbkdf2_sha256$180000$5IckWJhN9UBY$vnShvZh14rs+OF9+4OTPrS8i1A2x0QIxbo2xmOGOw04=", "last_login": null, "is_superuser": false, "username": "supergeneral", "first_name": "", "last_name": "", "email": "anisio2000@gmail.com", "is_staff": false, "is_active": true, "date_joined": "2023-11-28T08:15:23.330Z", "groups": [1], "user_permissions": []}}, {"model": "auth.user", "pk": 21, "fields": {"password": "pbkdf2_sha256$180000$ZEL3mjGU3Gjb$m/jC9tKyBuasVa75mGbEzhKrhvxNu/RlhYOtT4tOSo8=", "last_login": "2023-12-04T10:37:40.939Z", "is_superuser": true, "username": "sbuser", "first_name": "", "last_name": "", "email": "sb@gmail.com", "is_staff": true, "is_active": true, "date_joined": "2023-11-28T08:33:34.478Z", "groups": [], "user_permissions": []}}, {"model": "auth.user", "pk": 22, "fields": {"password": "pbkdf2_sha256$180000$mPFEqVUoMLzA$UVqBQ/mzEVXKM7mkUylSWh7bGPPbEHAlE+ZMEdrnSW0=", "last_login": null, "is_superuser": false, "username": "pixelaq", "first_name": "", "last_name": "", "email": "anisio2000@gmail.com", "is_staff": false, "is_active": true, "date_joined": "2023-12-04T09:33:34.427Z", "groups": [1], "user_permissions": []}}, {"model": "auth.user", "pk": 23, "fields": {"password": "pbkdf2_sha256$180000$Jtbh8t1LG18g$9s3vtGLMxCbmfdza/WzOwQtnO8y1HBQtFMocLLDju1w=", "last_login": null, "is_superuser": false, "username": "mozambiquelimite", "first_name": "", "last_name": "", "email": "anisio2000@gmail.com", "is_staff": false, "is_active": true, "date_joined": "2024-01-10T00:35:52.683Z", "groups": [1], "user_permissions": []}}, {"model": "auth.user", "pk": 24, "fields": {"password": "pbkdf2_sha256$600000$aP6kD7QXq3BFiijOLOgX8z$+0spwPDU3DHU5BKyDYglLs26WGB0lt3OxQyXtVMdOCI=", "last_login": "2024-03-11T14:40:34.303Z", "is_superuser": true, "username": "root", "first_name": "", "last_name": "", "email": "root@gmail.com", "is_staff": true, "is_active": true, "date_joined": "2024-01-13T08:06:20.267Z", "groups": [], "user_permissions": []}}, {"model": "auth.user", "pk": 25, "fields": {"password": "pbkdf2_sha256$180000$AEeisckZlTpX$zmpIGcUpBRbFAkCeWmsffVm4MK2hCV6zaGqoFh5nUf4=", "last_login": null, "is_superuser": false, "username": "mpslimitada", "first_name": "", "last_name": "", "email": "anisio2000@gmail.com", "is_staff": false, "is_active": true, "date_joined": "2024-01-13T11:17:22.657Z", "groups": [1], "user_permissions": []}}, {"model": "auth.user", "pk": 26, "fields": {"password": "pbkdf2_sha256$180000$x6eMFP854ySc$7fz2PwIsnq3gpEjehItoJLxq/wTvJFWvHreDjVtcEkM=", "last_login": null, "is_superuser": false, "username": "contrualda", "first_name": "", "last_name": "", "email": "anisio2000@gmail.com", "is_staff": false, "is_active": true, "date_joined": "2024-01-13T11:22:43.757Z", "groups": [1], "user_permissions": []}}, {"model": "auth.user", "pk": 27, "fields": {"password": "pbkdf2_sha256$180000$7MlvNPjMLQJr$TKbDuo4YpZ9WeFchfDQUAaAtDBc0H6tCQyw85ViPvXY=", "last_login": null, "is_superuser": false, "username": "maputolimitadae", "first_name": "", "last_name": "", "email": "anisio2000@gmail.com", "is_staff": false, "is_active": true, "date_joined": "2024-01-15T11:50:47.454Z", "groups": [1], "user_permissions": []}}, {"model": "auth.user", "pk": 28, "fields": {"password": "pbkdf2_sha256$180000$dfXZQeUL8WIK$sSEbouTxgcA+FmWJjwFkpthSrBolbO6sCD1sqIhw5xM=", "last_login": null, "is_superuser": false, "username": "marcoarquitetos", "first_name": "", "last_name": "", "email": "anisio2000@gmail.com", "is_staff": false, "is_active": true, "date_joined": "2024-01-15T21:05:03.529Z", "groups": [1], "user_permissions": []}}, {"model": "auth.user", "pk": 29, "fields": {"password": "pbkdf2_sha256$180000$jRLnD7NFazCj$AmqHcwFL1GtXg7iyxeAWKp+lFR2gTnfJ8tdTBDPU7Mk=", "last_login": null, "is_superuser": false, "username": "mozambiquelimite202437143635", "first_name": "", "last_name": "", "email": "anisio2000@gmail.com", "is_staff": false, "is_active": true, "date_joined": "2024-03-07T12:36:35.900Z", "groups": [1], "user_permissions": []}}, {"model": "auth.user", "pk": 30, "fields": {"password": "pbkdf2_sha256$180000$7Mj8CCKf6ZO3$s2r0uDwnKZK3OQqzmn0qe/EQ3rbZKt8bwmaR3i60OO8=", "last_login": null, "is_superuser": false, "username": "hsvs", "first_name": "", "last_name": "", "email": "anisio2000@gmail.com", "is_staff": false, "is_active": true, "date_joined": "2024-03-08T10:54:58.985Z", "groups": [1], "user_permissions": []}}, {"model": "contenttypes.contenttype", "pk": 1, "fields": {"app_label": "admin", "model": "logentry"}}, {"model": "contenttypes.contenttype", "pk": 2, "fields": {"app_label": "auth", "model": "permission"}}, {"model": "contenttypes.contenttype", "pk": 3, "fields": {"app_label": "auth", "model": "group"}}, {"model": "contenttypes.contenttype", "pk": 4, "fields": {"app_label": "auth", "model": "user"}}, {"model": "contenttypes.contenttype", "pk": 5, "fields": {"app_label": "contenttypes", "model": "contenttype"}}, {"model": "contenttypes.contenttype", "pk": 6, "fields": {"app_label": "sessions", "model": "session"}}, {"model": "contenttypes.contenttype", "pk": 7, "fields": {"app_label": "knox", "model": "authtoken"}}, {"model": "contenttypes.contenttype", "pk": 8, "fields": {"app_label": "django_rest_passwordreset", "model": "resetpasswordtoken"}}, {"model": "contenttypes.contenttype", "pk": 9, "fields": {"app_label": "webapi", "model": "empresa"}}, {"model": "contenttypes.contenttype", "pk": 10, "fields": {"app_label": "webapi", "model": "quitacao"}}, {"model": "contenttypes.contenttype", "pk": 11, "fields": {"app_label": "webapi", "model": "pedidos_quitacao"}}, {"model": "contenttypes.contenttype", "pk": 12, "fields": {"app_label": "webapi", "model": "historicalquitacao"}}, {"model": "contenttypes.contenttype", "pk": 13, "fields": {"app_label": "webapi", "model": "historicalpedidos_quitacao"}}, {"model": "contenttypes.contenttype", "pk": 14, "fields": {"app_label": "webapi", "model": "historicalempresa_quitacao"}}, {"model": "contenttypes.contenttype", "pk": 15, "fields": {"app_label": "webapi", "model": "historicalempresa"}}, {"model": "contenttypes.contenttype", "pk": 16, "fields": {"app_label": "webapi", "model": "empresa_quitacao"}}, {"model": "contenttypes.contenttype", "pk": 17, "fields": {"app_label": "webapi", "model": "pagamnetos"}}, {"model": "contenttypes.contenttype", "pk": 18, "fields": {"app_label": "webapi", "model": "servicoes"}}, {"model": "contenttypes.contenttype", "pk": 19, "fields": {"app_label": "webapi", "model": "empresa_atencedentes"}}, {"model": "sessions.session", "pk": "a7v1bnv4y8gjg2ululq9eyuhkyyzawyc", "fields": {"session_data": "ZTJjNWQ2NGIzMjU2OGIzNmYxZmNmOGFjYjk3NWZmZDUyNzRiNzVkMTp7Il9hdXRoX3VzZXJfaWQiOiIyIiwiX2F1dGhfdXNlcl9iYWNrZW5kIjoiZGphbmdvLmNvbnRyaWIuYXV0aC5iYWNrZW5kcy5Nb2RlbEJhY2tlbmQiLCJfYXV0aF91c2VyX2hhc2giOiI4YWE4YjJmOWRkNDM0NTE3NTZlZGE4YjI0OGQ4Y2NhODUyZWZjNGNhIn0=", "expire_date": "2023-09-13T14:15:17.972Z"}}, {"model": "sessions.session", "pk": "ba3g9wh41p0sj86rln4zletldxkxieq5", "fields": {"session_data": "ZTJjNWQ2NGIzMjU2OGIzNmYxZmNmOGFjYjk3NWZmZDUyNzRiNzVkMTp7Il9hdXRoX3VzZXJfaWQiOiIyIiwiX2F1dGhfdXNlcl9iYWNrZW5kIjoiZGphbmdvLmNvbnRyaWIuYXV0aC5iYWNrZW5kcy5Nb2RlbEJhY2tlbmQiLCJfYXV0aF91c2VyX2hhc2giOiI4YWE4YjJmOWRkNDM0NTE3NTZlZGE4YjI0OGQ4Y2NhODUyZWZjNGNhIn0=", "expire_date": "2023-08-16T23:15:17.328Z"}}, {"model": "sessions.session", "pk": "e87rbid51jkgnjcf7ceclaj61biax1xn", "fields": {"session_data": ".eJxVjMEOwiAQBf-FsyFAgYJH734DYdlFqgaS0p6M_64kPej1zbx5sRD3rYS90xoWZGemNDv9jhDTg-ogeI_11nhqdVsX4EPhB-382pCel8P9C5TYy-iiUj5l451AADI-zSLbqLNKZIS0WjljZ2kAo0VIVtL3MIHKBGjdROz9ARHbOJQ:1rjgpO:qMXN906mXn0lif5LdsguCLR9Pa4QK__fyn-mFxDDNyI", "expire_date": "2024-03-25T14:40:34.305Z"}}, {"model": "sessions.session", "pk": "lof8bqby6187cbq0ze4io8npv8cqhyfy", "fields": {"session_data": "MjNjOTdkZTFmNTE4NmFjZjgwOGFiYjQ0NWNmNDJhYjFlZDIwYTI1OTp7Il9hdXRoX3VzZXJfaWQiOiIyNCIsIl9hdXRoX3VzZXJfYmFja2VuZCI6ImRqYW5nby5jb250cmliLmF1dGguYmFja2VuZHMuTW9kZWxCYWNrZW5kIiwiX2F1dGhfdXNlcl9oYXNoIjoiZjZlMjBlM2I4NjZiNTY1ZGU2YzkyNTg2NzM5N2VmYTAzZDFhOWFlOSJ9", "expire_date": "2024-01-27T11:28:08.251Z"}}, {"model": "sessions.session", "pk": "m2ysyyxidj5jhaec0sqvc1f3ywz8jwme", "fields": {"session_data": "OGQzZGM0YjU1NjMwNzBkOGNlZDdiNzBmYzg2Nzg0M2ZhNWU3ZjBlNjp7Il9hdXRoX3VzZXJfaWQiOiIyNCIsIl9hdXRoX3VzZXJfYmFja2VuZCI6ImRqYW5nby5jb250cmliLmF1dGguYmFja2VuZHMuTW9kZWxCYWNrZW5kIiwiX2F1dGhfdXNlcl9oYXNoIjoiNjE1YWU1ZTQ5Njg2ZGNhNTFjZTRmYTU5YWE4NWI1Y2I5ZjE1MDU5ZiJ9", "expire_date": "2024-03-22T10:58:28.908Z"}}, {"model": "sessions.session", "pk": "mwsi36e6qfqzoyesapye12ccvfu1omlr", "fields": {"session_data": "MTQ3YTgyZDdlN2U2NDRhNjE3ODdjNjQyZGExYjc2ZmMzZGRlNjdmNjp7Il9hdXRoX3VzZXJfaWQiOiIyMSIsIl9hdXRoX3VzZXJfYmFja2VuZCI6ImRqYW5nby5jb250cmliLmF1dGguYmFja2VuZHMuTW9kZWxCYWNrZW5kIiwiX2F1dGhfdXNlcl9oYXNoIjoiZWVhNjk2MjJiYjNmZjg0ODdlMjMwNWE0NTUyNTdkYmE4ZjFlMWVlMiJ9", "expire_date": "2023-12-12T08:38:16.387Z"}}, {"model": "sessions.session", "pk": "ts8t070nljjlj634ks4zkaeeamj40j50", "fields": {"session_data": "MTQ3YTgyZDdlN2U2NDRhNjE3ODdjNjQyZGExYjc2ZmMzZGRlNjdmNjp7Il9hdXRoX3VzZXJfaWQiOiIyMSIsIl9hdXRoX3VzZXJfYmFja2VuZCI6ImRqYW5nby5jb250cmliLmF1dGguYmFja2VuZHMuTW9kZWxCYWNrZW5kIiwiX2F1dGhfdXNlcl9oYXNoIjoiZWVhNjk2MjJiYjNmZjg0ODdlMjMwNWE0NTUyNTdkYmE4ZjFlMWVlMiJ9", "expire_date": "2023-12-18T10:37:40.943Z"}}, {"model": "knox.authtoken", "pk": "039cb3066005558473d1ce8b3fc86ec6f62ed163296ee650b1c5d1bf0aa02531211df9236fa0372ebf9b0e366937cd64d517a9fdd23cbee0fb5abaf8cb531e08", "fields": {"token_key": "912f5a0b", "user": 23, "created": "2024-03-07T12:37:13.571Z", "expiry": "2024-03-07T22:37:13.570Z"}}, {"model": "knox.authtoken", "pk": "07fd48e9a17d483eebf08010adb704068e738d29c9ad928a9d43b177feb1e2ad5453c63277222766897bb58b6083415fd7932061395b285b8ccc4bf6c1ea7c08", "fields": {"token_key": "4c355726", "user": 17, "created": "2024-03-08T10:52:06.784Z", "expiry": "2024-03-08T20:52:06.784Z"}}, {"model": "knox.authtoken", "pk": "0ddf1514da5ee24f583d1e8590074c4f66a7683538817d06dd22799b947cafcd7e2db2129a30278d4abae3b22377ec4cd1a39825ac94f2d2fac5b07d47c36fcf", "fields": {"token_key": "d60b9fa1", "user": 1, "created": "2023-08-02T23:17:39.565Z", "expiry": "2023-08-03T09:17:39.565Z"}}, {"model": "knox.authtoken", "pk": "0e2cbcaeb34584c34d5788275fd8b2abbc135be38f19880b00a0ac3a42dad179e2e599c467d5dd3f085312fc645edd416a7a02b8487ab0112eba2aade6a8d47d", "fields": {"token_key": "a6654419", "user": 10, "created": "2024-02-27T11:08:54.460Z", "expiry": "2024-02-27T21:08:54.459Z"}}, {"model": "knox.authtoken", "pk": "0f450172c69608e65800199cccf8150ecce774d4617e35fcafac75fb4d3704f27967f8c2a7fd3c9198626ae5dbeb17890a0b7d3915cc1c931d0c424493856efd", "fields": {"token_key": "c249a27a", "user": 18, "created": "2023-09-01T08:58:44.100Z", "expiry": "2023-09-01T18:58:44.100Z"}}, {"model": "knox.authtoken", "pk": "0fb657fb1a38c2f20fc7c7c260baac80f8a491e4749b96657a59f2ee81f8ef00ddeb7bdde302f67c5453d10c1316f3962b3fa3b3106ddd1853a9a8dd34138afe", "fields": {"token_key": "2f5b4e1e", "user": 2, "created": "2023-08-28T13:57:48.901Z", "expiry": "2023-08-28T23:57:48.901Z"}}, {"model": "knox.authtoken", "pk": "1389d44e895bf68c9f15870a3c48e5eb6035f4fed651db5d6ce180e33af1941d25f86c553e94d7d104c9bf06771a41585dd3891d8aed39f8b07668d6482fb7ed", "fields": {"token_key": "3f25f070", "user": 9, "created": "2024-01-13T11:30:26.592Z", "expiry": "2024-01-13T21:30:26.592Z"}}, {"model": "knox.authtoken", "pk": "16ae40aed5c8cd7f7079218caa059dac7c7ffbb27801c45d92cea33182adc69f79750f5584a92f4b0b1fb2f132a29d63190a85f20bbb9ae9294f72189ba0a2a8", "fields": {"token_key": "79265bbc", "user": 27, "created": "2024-01-15T11:51:24.071Z", "expiry": "2024-01-15T21:51:24.070Z"}}, {"model": "knox.authtoken", "pk": "16e16a70465f90a69c68224d37366dab1eeb5131e7bc6dd23589c0a894f0145b6164d41fecede08b79fa51423c9acb32126289dabd9e53c1d1285d45faa902c5", "fields": {"token_key": "b9f900c9", "user": 3, "created": "2023-08-02T23:37:39.048Z", "expiry": "2023-08-03T09:37:39.048Z"}}, {"model": "knox.authtoken", "pk": "1dcc90f3ddd7ba929bc6a23ab3341497908d0b7446dd39fae1e8b47f81bf8f9be82c0f2626bed20316e872e8d8b231f19b0aed0c2a16d404a909771e06a81b07", "fields": {"token_key": "374423d4", "user": 16, "created": "2023-08-30T19:57:34.751Z", "expiry": "2023-08-31T05:57:34.750Z"}}, {"model": "knox.authtoken", "pk": "237db3da2ea682a37cc14d14d8654d3a96ec79f197ecab2123feee0a5ae182d578a107e15b15c2525817b7ca8b122bf28589404939aab704de174bf42d9a590b", "fields": {"token_key": "a860bfa1", "user": 5, "created": "2023-08-03T06:26:18.591Z", "expiry": "2023-08-03T16:26:18.591Z"}}, {"model": "knox.authtoken", "pk": "29e5edfe67de153aed2a92e4aa5ab8300906fcab1fd296da6a136449363aa57d08a2cf834f75ad84112559951315b96d652f8c299a311e91fd19263c085c7bed", "fields": {"token_key": "f71d0ce1", "user": 3, "created": "2023-08-02T23:22:42.466Z", "expiry": "2023-08-03T09:22:42.466Z"}}, {"model": "knox.authtoken", "pk": "2d07117174362fd2e16387e8feec29f140645dd3853c51ee1d67bfddb4049e5b5cc60923dc31902a1af5f0a2728f6ceaa55e799b68c0a3f33ad400ae747b701e", "fields": {"token_key": "cacd89cd", "user": 3, "created": "2023-08-03T00:46:56.335Z", "expiry": "2023-08-03T10:46:56.335Z"}}, {"model": "knox.authtoken", "pk": "375ce3a7a6ec31d9644dd4d2da693bdc6e5c72a4ebadcad985d51c3fa4f4f2847d362e8ab0ba68c209545abfc6e5fa28b6f6c9b8b559f481d44741db157005ed", "fields": {"token_key": "f279262f", "user": 25, "created": "2024-02-27T11:09:32.422Z", "expiry": "2024-02-27T21:09:32.422Z"}}, {"model": "knox.authtoken", "pk": "37c5922cee524509c137fdbd04823ff3afd9d493d8fa23de324c23d4adb7ada73d749744afb047aba55c2970dac3578a36cd6aeb38882f6c81317054fe661162", "fields": {"token_key": "70800bf3", "user": 15, "created": "2023-08-30T19:34:30.129Z", "expiry": "2023-08-31T05:34:30.129Z"}}, {"model": "knox.authtoken", "pk": "39d14e96fed52482f21203390a4b89b875f704ea3f3900c6fe911af4f681d1c60074cf0baf324d499a0ddd14bd8dd05129c240eccb5ec78eff700c0118b40295", "fields": {"token_key": "d290cc55", "user": 4, "created": "2023-08-03T00:39:58.966Z", "expiry": "2023-08-03T10:39:58.966Z"}}, {"model": "knox.authtoken", "pk": "3a0d8ffa417153a32e583084b1ef9c0496a8996b5f0afb45e3d4b748af29cbe32d04859193e08eaab64fddd9c3b97d17032ec2483427293718affa95cf292279", "fields": {"token_key": "d3c0de5f", "user": 28, "created": "2024-01-15T21:06:36.433Z", "expiry": "2024-01-16T07:06:36.432Z"}}, {"model": "knox.authtoken", "pk": "3a3e3fc80acf1b28d2ef29ea7da8b5f407d7efbecf05981677e7d6da303322d4305fbe2bdb0149adc6c7791081ca00cda0b0785b18a6b34e86f636a8902e4459", "fields": {"token_key": "f0b52b42", "user": 27, "created": "2024-01-15T12:55:02.142Z", "expiry": "2024-01-15T22:55:02.142Z"}}, {"model": "knox.authtoken", "pk": "3aa77b28ccdecb19cf11632cdbe31cd9e8f3094607c580e82cc2472b97b5a5a5ecf7989e423f978ea5b953e80469eedcc7e608d471221e2d40c93168ff55cd5b", "fields": {"token_key": "cd911713", "user": 8, "created": "2023-08-28T13:05:43.491Z", "expiry": "2023-08-28T23:05:43.490Z"}}, {"model": "knox.authtoken", "pk": "43cb8acaacc32c5a59f058aae5dcf27ca29f14f80068f2715ab925473ffab9ef89b1cf1fc0c0c9297b050e3b270e0ffe5955782d7bf847284e2e761550887878", "fields": {"token_key": "f0cb6bb9", "user": 2, "created": "2023-11-28T08:37:56.538Z", "expiry": "2023-11-28T18:37:56.537Z"}}, {"model": "knox.authtoken", "pk": "45cd916e4ccf47ebcb563de1b25d2fd6225175b9a7ef0a30f56a5f3b46ef89c973f9f4e664383f8a5a9bbc1f5ca541688400120a9d7d2f7e616cb270ee122bd5", "fields": {"token_key": "e64f4e03", "user": 17, "created": "2024-03-05T06:43:24.329Z", "expiry": "2024-03-05T16:43:24.329Z"}}, {"model": "knox.authtoken", "pk": "4b7e91f298894b8f1fdb8a01a6a50fc95bac8389dfada4c9d8294de66bbf06ffc7196d99f10d7668dfd3434e88bcc2c2539663f7e02e75e201ec2fcf90899f55", "fields": {"token_key": "b5a26de8", "user": 12, "created": "2023-08-30T14:15:31.915Z", "expiry": "2023-08-31T00:15:31.915Z"}}, {"model": "knox.authtoken", "pk": "51dcd174839686ad76046b759798545d674fd3127226e4a3d085eeae5e9644896e09e0cb93b10b55850713ed5baaafe135a553ac6677a7f271c46780ee6e5daa", "fields": {"token_key": "e22e2502", "user": 3, "created": "2023-08-02T23:19:03.866Z", "expiry": "2023-08-03T09:19:03.866Z"}}, {"model": "knox.authtoken", "pk": "56b90c9afe12b8fffb704f13bde51b6dc4aa1a85c0bc8eba09db0afc4add4cef17da9691d9b0fd8195486d20235cb9dba5d5447520f38741121d421101384d1b", "fields": {"token_key": "5192c641", "user": 2, "created": "2023-08-28T12:49:29.755Z", "expiry": "2023-08-28T22:49:29.755Z"}}, {"model": "knox.authtoken", "pk": "5deafd56a031dae3259094c0c94bf410281260d799e9da2f9ddaa4895b35854726dce08137887484f57de31cd506513247cc32551bed7e2b9cde4a8db0710327", "fields": {"token_key": "cc4ffee0", "user": 10, "created": "2024-01-13T11:34:17.827Z", "expiry": "2024-01-13T21:34:17.827Z"}}, {"model": "knox.authtoken", "pk": "6044ebad093388a9ede798a77ef180ea7a86ba9aabd83a551c434b84ad087641386921f8df9ca5e0e7b8f3c8498d140b3a826c648d2a814fdc5f767db96f514e", "fields": {"token_key": "d61476b9", "user": 17, "created": "2024-03-05T06:24:50.870Z", "expiry": "2024-03-05T16:24:50.869Z"}}, {"model": "knox.authtoken", "pk": "65e520ca7ae663035884f5ba24a40595d3e2fa1db283c4df7a0c8e6cd06765dd40c03638cd5c71be4f4b3677323ec633bf132e1924a13fb8372ea39c1ecd8f5d", "fields": {"token_key": "c1f95923", "user": 5, "created": "2023-08-03T00:32:54.117Z", "expiry": "2023-08-03T10:32:54.117Z"}}, {"model": "knox.authtoken", "pk": "683c1102714950adab99dfaf442eb425921f7195947d9c64162250656a7cf0709916978fd9966c652ef6e6883191140c683355abfa5a2b160f66544875e673a3", "fields": {"token_key": "c4b631d1", "user": 17, "created": "2024-03-07T13:03:32.049Z", "expiry": "2024-03-07T23:03:32.048Z"}}, {"model": "knox.authtoken", "pk": "6ba4ca5490267fb276762c8b5695612187598340a5703f74cf660d6dcef7793940c5837b496cd3d2ec93d6a059cf2345586ecd15747ac982829380b1b3f1f3a4", "fields": {"token_key": "ded47ef9", "user": 10, "created": "2024-02-27T11:10:20.489Z", "expiry": "2024-02-27T21:10:20.488Z"}}, {"model": "knox.authtoken", "pk": "6c55610315442e3ca02aa6caca986e92b9d13d5aa68872541765810334f28ba9b4a873df27d2f2418adfc04ae6fe81ece3e0472617d650ddb95a896b6245e730", "fields": {"token_key": "abdb0106", "user": 3, "created": "2023-08-03T00:34:27.133Z", "expiry": "2023-08-03T10:34:27.133Z"}}, {"model": "knox.authtoken", "pk": "77877c40c046d0b280417e57825f5b725af39f5fba4f6124c9968f8b15039a2f4947fc1babd19520c72fc3313fb24eecb47eb574ac4c176d8e0fe2c5301173dd", "fields": {"token_key": "a033c063", "user": 10, "created": "2024-03-08T11:03:30.561Z", "expiry": "2024-03-08T21:03:30.560Z"}}, {"model": "knox.authtoken", "pk": "78842d8ff536d8ddf8543a6301ad8422d42722fdcc6dd11bb32f6e1a83258f3e6c2ade85b7a0c0dbc2399ba2b48fa1adaad8347588fe1c2a8540650f14d85bfa", "fields": {"token_key": "91626e80", "user": 17, "created": "2024-03-08T10:43:52.030Z", "expiry": "2024-03-08T20:43:52.030Z"}}, {"model": "knox.authtoken", "pk": "7be07c5d0d599b31fc30d381e1cb323daf4de8d4a294824cabacf6067a7468030c9fbe4643a5ee08a8771125199ff0720a4fa97a710f4d20f8503e1210bfba1a", "fields": {"token_key": "663d9bee", "user": 20, "created": "2023-11-28T08:21:12.722Z", "expiry": "2023-11-28T18:21:12.721Z"}}, {"model": "knox.authtoken", "pk": "82001ce846df65e074e3f83df56a60eddd317669c64f0a634b0dcda371bc570ac1b61ac21a287eb1ae2db53b34a94e847a7089963c8c1a05ca82abf39979d1ab", "fields": {"token_key": "20771b4b", "user": 17, "created": "2024-03-05T06:43:43.026Z", "expiry": "2024-03-05T16:43:43.026Z"}}, {"model": "knox.authtoken", "pk": "848033440d4acde78cf4f8ac1dacf11e79479f3ea51edb35f39f7e185c9ed8b5fd4ac9fc74392264265082fda48bbc9fbf18f6c4841594f36cd2d7654e4614dc", "fields": {"token_key": "af58cf3f", "user": 13, "created": "2024-01-13T11:32:41.985Z", "expiry": "2024-01-13T21:32:41.985Z"}}, {"model": "knox.authtoken", "pk": "853f30652fa5e0260de16c03945e8d1022706061eb234c69303c5de97a21a8c2450ddad94c4e4d0670e91c34cf0a64d9e37860f79557a8d7a0f8028881c7f43f", "fields": {"token_key": "b37a092d", "user": 6, "created": "2023-08-03T06:23:44.378Z", "expiry": "2023-08-03T16:23:44.378Z"}}, {"model": "knox.authtoken", "pk": "853fc4a76da11c94ab9b4fa37328d8632988c7ad799ece9564c121d71933127886cf9fd238063e26adc6bc86485e9811ee035aa66b9defb82851ae52e3b1d080", "fields": {"token_key": "41e45b83", "user": 2, "created": "2023-11-28T08:34:04.712Z", "expiry": "2023-11-28T18:34:04.711Z"}}, {"model": "knox.authtoken", "pk": "89b66a7a7b343a2d57ded9612f81ef4868cb33b835a3e9a58ebdae5fb379f2a405ad7c92e6a04fb59a80e21277c110ba19254e4a58e49dd97a19282a3d49adb5", "fields": {"token_key": "d2e77cad", "user": 22, "created": "2023-12-04T09:33:53.274Z", "expiry": "2023-12-04T19:33:53.273Z"}}, {"model": "knox.authtoken", "pk": "89de9d9c2f7ff95cf49d0a0d94211d523d48ba265a141c6b1bb74eb5515c1e2e12ee6ba908993cf8df116efbf4f1c60416e3b95ad0f6efbf0f6fbdd4b155970c", "fields": {"token_key": "da418498", "user": 28, "created": "2024-01-15T21:05:52.733Z", "expiry": "2024-01-16T07:05:52.733Z"}}, {"model": "knox.authtoken", "pk": "8a881e842fccaa2777a9006f56e511910482d322add94a78ecb3c8b660622b6cadc6264f5a0a2e0185bddcdb7cfa19910fe75a8856eba0e485378d17e4d016aa", "fields": {"token_key": "618b3031", "user": 2, "created": "2023-11-28T08:38:19.670Z", "expiry": "2023-11-28T18:38:19.669Z"}}, {"model": "knox.authtoken", "pk": "8b6d8002b44dd8b615d5812722bb6a6be509161df4a210b46d16564af4fbba76f06745d30cffc13da0cd0af249b9eff10b9797189cf4a7e03d1c56fd5a5c7e1f", "fields": {"token_key": "fd911cb7", "user": 9, "created": "2024-01-13T11:30:40.662Z", "expiry": "2024-01-13T21:30:40.662Z"}}, {"model": "knox.authtoken", "pk": "8e6d4cad6f2f30f46f3b9da767a2438fa7f0c090e5fd901d168226bd3ef3fa22c1ba95ec33f01b6484c5a1286a2157b27563d145abc4a8b66c40ae406269fbfd", "fields": {"token_key": "84b0c1ca", "user": 27, "created": "2024-01-15T12:54:33.994Z", "expiry": "2024-01-15T22:54:33.994Z"}}, {"model": "knox.authtoken", "pk": "947b2c9ae541e319d45bedbf535c78526fa794ef7998b7959a3e29da2dd8cfb979bb31cd4df0a992069f64874eaba5a112c66a6a3945f08fb1d9349a719a6c4c", "fields": {"token_key": "0b70af28", "user": 3, "created": "2023-08-03T06:26:52.548Z", "expiry": "2023-08-03T16:26:52.547Z"}}, {"model": "knox.authtoken", "pk": "9798aacfe84a47d395d54fbcffe73a12dda8299f55aab03dcb6d5ded0fdf156163213bf064e53761dc61ac538c6f640ce840aab2916a0db57d1b94fa76566691", "fields": {"token_key": "85818147", "user": 18, "created": "2023-09-01T08:52:38.198Z", "expiry": "2023-09-01T18:52:38.197Z"}}, {"model": "knox.authtoken", "pk": "9b47e59fbd676d9d18c22eb43b9c8ade1aec9b08c3a9677762cbfcdecdf25bae7841d5be693eaec4d9113acdb0619be5c07a0c642a759261fd7331a6b770a7f6", "fields": {"token_key": "64ba5e56", "user": 20, "created": "2023-11-28T08:21:34.427Z", "expiry": "2023-11-28T18:21:34.426Z"}}, {"model": "knox.authtoken", "pk": "9e6129cdd5aca422d2ffcca495e3adc757ef352aa62676eb54d7773dd956f2b703d95cf6516e0e06813a146fe80e39baf13f54601ffd8a9547929e52a8c8023e", "fields": {"token_key": "121324b2", "user": 17, "created": "2024-03-05T06:43:25.608Z", "expiry": "2024-03-05T16:43:25.608Z"}}, {"model": "knox.authtoken", "pk": "9e6283d201e509f97f751f8008bfbe7fb549fafbe8218472b1b6fdd810fb8d23875f23cdcff459e03d7c2303222f9d6be0992fcf8eb892c7d695ed9da1295771", "fields": {"token_key": "6e4ea766", "user": 12, "created": "2023-08-30T14:17:58.767Z", "expiry": "2023-08-31T00:17:58.767Z"}}, {"model": "knox.authtoken", "pk": "a26a3a6a86e52df71f0bac0e87947d95ede055a811c921eded2c5b46f0241c09a259ac032da2f71b05dbb1c05d371f408e6e15eecdb75910629cdd6bd51483f7", "fields": {"token_key": "ecf0d4a2", "user": 16, "created": "2023-08-30T19:48:42.456Z", "expiry": "2023-08-31T05:48:42.456Z"}}, {"model": "knox.authtoken", "pk": "a6b5b87079c3f3cde0f81a1b8f0ce67c207b7ced2c4de393b6d2a02b397d7f07ed2a60d49e41eb3fb4e69394faff7d9a43c639b99f7e0b7b4c43969ed50b7194", "fields": {"token_key": "a47e376b", "user": 17, "created": "2024-03-08T10:54:08.785Z", "expiry": "2024-03-08T20:54:08.785Z"}}, {"model": "knox.authtoken", "pk": "a980d402dfd7273a484cae757cee9f1af30f565327940e798fb6a1fb1ae14c76625d97b8d80bafed74e4a7f5a2f2f10315dd5b7a9c95f52d4d919134fad3bbfd", "fields": {"token_key": "cb3d5f95", "user": 17, "created": "2024-03-08T10:52:06.998Z", "expiry": "2024-03-08T20:52:06.998Z"}}, {"model": "knox.authtoken", "pk": "ae27dcc4c5613788607d79d7f1f6713d44c78d0ed8741f5c38854b673cb0a1cef4955079f91a521bb6b39904a6a0dbd37a99c28e8743e492e8e92c96921e9ba7", "fields": {"token_key": "de9f2286", "user": 12, "created": "2023-08-30T10:08:52.745Z", "expiry": "2023-08-30T20:08:52.744Z"}}, {"model": "knox.authtoken", "pk": "af81f691b4f431924b6000c867602cb797bf9f57cc7d3fa3c72dab8ca2f1bc5aae2e8272070edc4ff8b6a5043f7928d7dda7531060e569a3bfcef91c35fb5cd5", "fields": {"token_key": "a2c384eb", "user": 20, "created": "2023-11-28T08:30:40.024Z", "expiry": "2023-11-28T18:30:40.023Z"}}, {"model": "knox.authtoken", "pk": "afd13f9dae7ab9a885ac60ea46fc35050b1e2b0238c4d6cba91494ca4a59420e5a77afbefe08d3c053e6dfd814a21db9cd6dedc4adfb86be4811134547bc98fc", "fields": {"token_key": "b0827544", "user": 17, "created": "2024-03-05T06:43:27.151Z", "expiry": "2024-03-05T16:43:27.150Z"}}, {"model": "knox.authtoken", "pk": "b2f33ea27cbff8c32781b38b1311d9ba7b25ec70809f814f5a92c196766bb9fee6cd2e856ea5b5f5988dfa8bb2f2c4d0fefbb60f476226eb6bbd1dd516bcddca", "fields": {"token_key": "7af8d215", "user": 8, "created": "2023-08-28T15:07:13.426Z", "expiry": "2023-08-29T01:07:13.426Z"}}, {"model": "knox.authtoken", "pk": "b4631ee6505f2eb17fdd78257e93ec4ed3cffc60bdbe0d0066196842cebaa53400b95209d71f1bbee09599730d1990fd9801ba6762c1a584f87c9e493dfe4cdd", "fields": {"token_key": "7b1efd9b", "user": 4, "created": "2023-08-03T00:30:41.929Z", "expiry": "2023-08-03T10:30:41.929Z"}}, {"model": "knox.authtoken", "pk": "b506fb0f7521d1be4e77155af207ed63388c775d32bca97d70b2b7f75b8f0f38e83b2d22a4d5ed19ea4375083eee67a169749d61530d0dd3302dd25be49de652", "fields": {"token_key": "3d168db7", "user": 26, "created": "2024-01-13T11:25:06.008Z", "expiry": "2024-01-13T21:25:06.008Z"}}, {"model": "knox.authtoken", "pk": "d66206470515a1b1fc87316b03e6d286ec37a5c01601578ba878f9a5e81f9c1af1064a9abc3b2ef53d2fd659ee98a6f84c0f8fe7d8344405349c75b212e7ad4e", "fields": {"token_key": "d048a781", "user": 4, "created": "2023-08-03T06:25:15.942Z", "expiry": "2023-08-03T16:25:15.941Z"}}, {"model": "knox.authtoken", "pk": "d98bbcc0c97e48e77a70e6ceb7bf75645ddc4d660c864cc5036a0002da9a213ffb90c4ca093d1348247aba8d965c193a25f60f040cfa30c03704d0320297acf5", "fields": {"token_key": "cec51ff5", "user": 26, "created": "2024-01-13T11:24:44.054Z", "expiry": "2024-01-13T21:24:44.054Z"}}, {"model": "knox.authtoken", "pk": "de2894c8b3c93d54021d1f70d05cd238415eec2e4a4a4ca5be92e1d79be58b64c7c8c664aa1f9b65f2516d6508428a42e686564a5cec67f4a8df2b2d08321f4f", "fields": {"token_key": "20f5fdec", "user": 17, "created": "2024-03-08T10:36:21.636Z", "expiry": "2024-03-08T20:36:21.636Z"}}, {"model": "knox.authtoken", "pk": "e5088a237efdba9657122d431530c4235cc9ccf0f559b71bb1bfc86725064c7f0d3b39e775a3df861d436fe60e84c4d20f6a66240bea1e337dd604a93696eb9c", "fields": {"token_key": "06215ed4", "user": 3, "created": "2023-08-02T23:20:29.518Z", "expiry": "2023-08-03T09:20:29.518Z"}}, {"model": "knox.authtoken", "pk": "e562bcb68895ffc83fdadb0e049004479c90990da211d74b0455c863859e0885222f86731793db73da25d2cc339d592c6e24a62351f9114d859db69a6981d87c", "fields": {"token_key": "b7ffdce1", "user": 2, "created": "2023-11-28T08:38:21.055Z", "expiry": "2023-11-28T18:38:21.053Z"}}, {"model": "knox.authtoken", "pk": "e9de671d5deda05996a167b3f3a30fdf05c4bd6c418ba121293adb4eab63a024331e6be4c7a3759b962fb4d4ef4bed551cea89db59acf97e66d06d3b98ffdf58", "fields": {"token_key": "de1f8a44", "user": 5, "created": "2023-08-03T00:46:39.879Z", "expiry": "2023-08-03T10:46:39.879Z"}}, {"model": "knox.authtoken", "pk": "f0c8ad6fb183eeb4a754741a7c0d6fba7d68345958dbc6c8252846596544f49e5ef8f663dced0f968a7394e39eca6bedba2fb766cd486a4e61d247a579836233", "fields": {"token_key": "456a101e", "user": 15, "created": "2023-08-30T19:37:19.004Z", "expiry": "2023-08-31T05:37:19.002Z"}}, {"model": "knox.authtoken", "pk": "f0cc2561cab320b09bfbb2bfd8314aee1c3d90ca8b2fe59fd8a01824b8a1d458b04556905f068a7c8e71ce32a80c89a63298d37943dc2ef50faf3a611bfb99e7", "fields": {"token_key": "c3b7e310", "user": 20, "created": "2023-11-28T08:41:43.380Z", "expiry": "2023-11-28T18:41:43.380Z"}}, {"model": "knox.authtoken", "pk": "f1eba5277dbc5010fe6823f2c356bd6d64ab62a13529269fa55f1a2e7a5e6306a62218fcf3dba1274781a148b02a8feab3fae9aa2966058cc211070fa74df24b", "fields": {"token_key": "14cee443", "user": 4, "created": "2023-08-03T00:41:30.741Z", "expiry": "2023-08-03T10:41:30.741Z"}}, {"model": "knox.authtoken", "pk": "f540c7f4bdbc4689164d7236d054cd15542ae7f75b883a4ff6d8d00c5a99fb0157169e31c02be671e4c70fb3de4a890f00666de97020dca7187bf31c4e6a53e6", "fields": {"token_key": "2e49fe7b", "user": 19, "created": "2023-09-01T09:11:48.821Z", "expiry": "2023-09-01T19:11:48.821Z"}}, {"model": "knox.authtoken", "pk": "f5461831d0fdf3ab107e8e548c656104c973785e0c8694ca766dcb7033e17a6e50a14ea53124ec5761eb74a8694b03d26e1ceb26130d48e4b1aa515a71e289e4", "fields": {"token_key": "26f25e7a", "user": 5, "created": "2023-08-03T00:48:24.089Z", "expiry": "2023-08-03T10:48:24.089Z"}}, {"model": "knox.authtoken", "pk": "f769153360381febb88fba13fb5d72a41d961446baa7816fcd2fabe4acc72b1841f8021c4dbe1027547cdfe41fadacde65c5527c084867e4b3b33d05b3933c1c", "fields": {"token_key": "9a7aadc2", "user": 14, "created": "2024-01-13T11:31:30.550Z", "expiry": "2024-01-13T21:31:30.550Z"}}, {"model": "knox.authtoken", "pk": "fa8bd24d56f3d1c136a12ee106d939cb75d65880b8dd7e910d6284af6c5405c07de17c5428075864478d62dab826162f19eebbdc2ac841c2e69f4b245ea3325a", "fields": {"token_key": "1337dcf2", "user": 17, "created": "2024-03-08T10:52:06.608Z", "expiry": "2024-03-08T20:52:06.607Z"}}, {"model": "knox.authtoken", "pk": "fb12114a00b45d2c4a0efc36edf7e20f3839df98aebcdf3edeab266b7b33029a729f8b967caa5f337ff864a3473853f9a2ba84d6f8baab58c2e2f0a3d65236ae", "fields": {"token_key": "80b4678a", "user": 3, "created": "2023-08-03T01:05:29.027Z", "expiry": "2023-08-03T11:05:29.026Z"}}, {"model": "knox.authtoken", "pk": "fc80d2948e4d9335b8947759c1f7aeb55083555305d85fed078aadf6c1738e3561cf1e346e26103d45888034b77432a7bce41e1da70c27387336917d6e38a579", "fields": {"token_key": "b1dbb460", "user": 3, "created": "2023-08-02T23:22:16.574Z", "expiry": "2023-08-03T09:22:16.574Z"}}, {"model": "knox.authtoken", "pk": "fe20dbdc581d8f649c625c7419041ff7be90e4697e62a8817229964870510e1dbf11ff8899662b67fe4c73aa371891023439a6f612111a964dda01dc44d06eec", "fields": {"token_key": "cdf43614", "user": 9, "created": "2024-01-13T11:33:42.697Z", "expiry": "2024-01-13T21:33:42.697Z"}}, {"model": "webapi.historicalempresa", "pk": 1, "fields": {"idEmpresa": 1, "nome": "Marcosjhgd", "nuit": "213333333333M", "endereco": "Maputo,cidade 8", "vocacao": "", "objectivo": "dfdf", "Representante": "Marco Maximiano Djedje", "cidade": "sd", "provinvia": "Maputo", "user": 3, "history_date": "2023-08-02T23:18:44.108Z", "history_change_reason": null, "history_type": "+", "history_user": null}}, {"model": "webapi.historicalempresa", "pk": 2, "fields": {"idEmpresa": 1, "nome": "Marcosjhgd", "nuit": "213333333333M", "endereco": "Maputo,cidade 8", "vocacao": "", "objectivo": "dfdf", "Representante": "Marco Maximiano Djedje", "cidade": "sd", "provinvia": "Maputo", "user": 3, "history_date": "2023-08-02T23:18:44.116Z", "history_change_reason": null, "history_type": "~", "history_user": null}}, {"model": "webapi.historicalempresa", "pk": 3, "fields": {"idEmpresa": 2, "nome": "Marcosjhgd", "nuit": "434343434344M", "endereco": "kamubukuana q25 c72", "vocacao": "", "objectivo": "dfdf", "Representante": "Carlos Junior", "cidade": "sd", "provinvia": "Maputo", "user": 6, "history_date": "2023-08-03T06:22:58.825Z", "history_change_reason": null, "history_type": "+", "history_user": null}}, {"model": "webapi.historicalempresa", "pk": 4, "fields": {"idEmpresa": 2, "nome": "Marcosjhgd", "nuit": "434343434344M", "endereco": "kamubukuana q25 c72", "vocacao": "", "objectivo": "dfdf", "Representante": "Carlos Junior", "cidade": "sd", "provinvia": "Maputo", "user": 6, "history_date": "2023-08-03T06:22:58.837Z", "history_change_reason": null, "history_type": "~", "history_user": null}}, {"model": "webapi.historicalempresa", "pk": 5, "fields": {"idEmpresa": 3, "nome": "Marcosjhgd", "nuit": "434343434344M", "endereco": "kamubukuana q25 c72", "vocacao": "", "objectivo": "dfdf", "Representante": "Carlos Junior", "cidade": "sd", "provinvia": "Maputo", "user": 7, "history_date": "2023-08-03T06:23:11.004Z", "history_change_reason": null, "history_type": "+", "history_user": null}}, {"model": "webapi.historicalempresa", "pk": 6, "fields": {"idEmpresa": 3, "nome": "Marcosjhgd", "nuit": "434343434344M", "endereco": "kamubukuana q25 c72", "vocacao": "", "objectivo": "dfdf", "Representante": "Carlos Junior", "cidade": "sd", "provinvia": "Maputo", "user": 7, "history_date": "2023-08-03T06:23:11.014Z", "history_change_reason": null, "history_type": "~", "history_user": null}}, {"model": "webapi.historicalempresa", "pk": 7, "fields": {"idEmpresa": 4, "nome": "numbazoa", "nuit": "123456789", "endereco": "Centro de Conferncia Joaquim Chissano, Sala 6, Avenida da Margina,4441 Maputo  Moambique", "vocacao": "venda de medicamnebtos", "objectivo": "dfdf", "Representante": "Anisio Max", "cidade": "Maputo", "provinvia": "Gaza", "user": 8, "history_date": "2023-08-28T13:05:10.716Z", "history_change_reason": null, "history_type": "+", "history_user": null}}, {"model": "webapi.historicalempresa", "pk": 8, "fields": {"idEmpresa": 4, "nome": "numbazoa", "nuit": "123456789", "endereco": "Centro de Conferncia Joaquim Chissano, Sala 6, Avenida da Margina,4441 Maputo  Moambique", "vocacao": "venda de medicamnebtos", "objectivo": "dfdf", "Representante": "Anisio Max", "cidade": "Maputo", "provinvia": "Gaza", "user": 8, "history_date": "2023-08-28T13:05:10.741Z", "history_change_reason": null, "history_type": "~", "history_user": null}}, {"model": "webapi.historicalempresa", "pk": 9, "fields": {"idEmpresa": 5, "nome": "", "nuit": "", "endereco": "", "vocacao": "", "objectivo": "dfdf", "Representante": "", "cidade": "", "provinvia": "", "user": 11, "history_date": "2023-08-28T15:24:33.360Z", "history_change_reason": null, "history_type": "+", "history_user": null}}, {"model": "webapi.historicalempresa", "pk": 10, "fields": {"idEmpresa": 5, "nome": "", "nuit": "", "endereco": "", "vocacao": "", "objectivo": "dfdf", "Representante": "", "cidade": "", "provinvia": "", "user": 11, "history_date": "2023-08-28T15:24:33.367Z", "history_change_reason": null, "history_type": "~", "history_user": null}}, {"model": "webapi.historicalempresa", "pk": 11, "fields": {"idEmpresa": 6, "nome": "ABC", "nuit": "123456789", "endereco": "Magoanine B q25 casa 78", "vocacao": "Construcao civil", "objectivo": "dfdf", "Representante": "Carlos Manuel", "cidade": "Maputo", "provinvia": "Maputo", "user": 12, "history_date": "2023-08-30T10:08:03.814Z", "history_change_reason": null, "history_type": "+", "history_user": null}}, {"model": "webapi.historicalempresa", "pk": 12, "fields": {"idEmpresa": 6, "nome": "ABC", "nuit": "123456789", "endereco": "Magoanine B q25 casa 78", "vocacao": "Construcao civil", "objectivo": "dfdf", "Representante": "Carlos Manuel", "cidade": "Maputo", "provinvia": "Maputo", "user": 12, "history_date": "2023-08-30T10:08:03.827Z", "history_change_reason": null, "history_type": "~", "history_user": null}}, {"model": "webapi.historicalempresa", "pk": 13, "fields": {"idEmpresa": 7, "nome": "EMATUM", "nuit": "123456789", "endereco": "Centro de Conferncia Joaquim Chissano, Sala 6, Avenida da Margina,4441 Maputo  Moambique", "vocacao": "Empresa de Pesca de Atum", "objectivo": "dfdf", "Representante": "Zacarias Cristovao", "cidade": "Maputo", "provinvia": "Maputo", "user": 15, "history_date": "2023-08-30T19:34:15.515Z", "history_change_reason": null, "history_type": "+", "history_user": null}}, {"model": "webapi.historicalempresa", "pk": 14, "fields": {"idEmpresa": 7, "nome": "EMATUM", "nuit": "123456789", "endereco": "Centro de Conferncia Joaquim Chissano, Sala 6, Avenida da Margina,4441 Maputo  Moambique", "vocacao": "Empresa de Pesca de Atum", "objectivo": "dfdf", "Representante": "Zacarias Cristovao", "cidade": "Maputo", "provinvia": "Maputo", "user": 15, "history_date": "2023-08-30T19:34:15.526Z", "history_change_reason": null, "history_type": "~", "history_user": null}}, {"model": "webapi.historicalempresa", "pk": 15, "fields": {"idEmpresa": 8, "nome": "Toyota", "nuit": "123456789", "endereco": "Magoanine B, Q25 c 78 , Baixa da cidade", "vocacao": "Venda de Automoveis", "objectivo": "dfdf", "Representante": "Carlos Maia", "cidade": "Maputo", "provinvia": "Maputo", "user": 16, "history_date": "2023-08-30T19:48:28.607Z", "history_change_reason": null, "history_type": "+", "history_user": null}}, {"model": "webapi.historicalempresa", "pk": 16, "fields": {"idEmpresa": 8, "nome": "Toyota", "nuit": "123456789", "endereco": "Magoanine B, Q25 c 78 , Baixa da cidade", "vocacao": "Venda de Automoveis", "objectivo": "dfdf", "Representante": "Carlos Maia", "cidade": "Maputo", "provinvia": "Maputo", "user": 16, "history_date": "2023-08-30T19:48:28.612Z", "history_change_reason": null, "history_type": "~", "history_user": null}}, {"model": "webapi.historicalempresa", "pk": 17, "fields": {"idEmpresa": 9, "nome": "Pixel SA", "nuit": "123456789", "endereco": "Jat iv , Maputo", "vocacao": "Venda de Sistemas informaticos", "objectivo": "dfdf", "Representante": "Anisio Maximiano", "cidade": "Maputo", "provinvia": "Maputo", "user": 17, "history_date": "2023-08-31T08:32:45.544Z", "history_change_reason": null, "history_type": "+", "history_user": null}}, {"model": "webapi.historicalempresa", "pk": 18, "fields": {"idEmpresa": 9, "nome": "Pixel SA", "nuit": "123456789", "endereco": "Jat iv , Maputo", "vocacao": "Venda de Sistemas informaticos", "objectivo": "dfdf", "Representante": "Anisio Maximiano", "cidade": "Maputo", "provinvia": "Maputo", "user": 17, "history_date": "2023-08-31T08:32:45.555Z", "history_change_reason": null, "history_type": "~", "history_user": null}}, {"model": "webapi.historicalempresa", "pk": 19, "fields": {"idEmpresa": 10, "nome": "Matola", "nuit": "123456789", "endereco": "Matola ,q25 casa78", "vocacao": "venda de software", "objectivo": "dfdf", "Representante": "Calos Junior", "cidade": "Maputo", "provinvia": "Maputo", "user": 18, "history_date": "2023-09-01T08:52:22.981Z", "history_change_reason": null, "history_type": "+", "history_user": null}}, {"model": "webapi.historicalempresa", "pk": 20, "fields": {"idEmpresa": 10, "nome": "Matola", "nuit": "123456789", "endereco": "Matola ,q25 casa78", "vocacao": "venda de software", "objectivo": "dfdf", "Representante": "Calos Junior", "cidade": "Maputo", "provinvia": "Maputo", "user": 18, "history_date": "2023-09-01T08:52:22.986Z", "history_change_reason": null, "history_type": "~", "history_user": null}}, {"model": "webapi.historicalempresa", "pk": 21, "fields": {"idEmpresa": 11, "nome": "Faz tudo", "nuit": "123456789", "endereco": "Centro de Conferncia Joaquim Chissano, Sala 6, Avenida da Margina,4441 Maputo  Moambique", "vocacao": "venda de eletricos", "objectivo": "dfdf", "Representante": "Faz tudo", "cidade": "Maputo", "provinvia": "Maputo", "user": 19, "history_date": "2023-09-01T09:11:37.617Z", "history_change_reason": null, "history_type": "+", "history_user": null}}, {"model": "webapi.historicalempresa", "pk": 22, "fields": {"idEmpresa": 11, "nome": "Faz tudo", "nuit": "123456789", "endereco": "Centro de Conferncia Joaquim Chissano, Sala 6, Avenida da Margina,4441 Maputo  Moambique", "vocacao": "venda de eletricos", "objectivo": "dfdf", "Representante": "Faz tudo", "cidade": "Maputo", "provinvia": "Maputo", "user": 19, "history_date": "2023-09-01T09:11:37.623Z", "history_change_reason": null, "history_type": "~", "history_user": null}}, {"model": "webapi.historicalempresa", "pk": 23, "fields": {"idEmpresa": 12, "nome": "SUPERGENERAL", "nuit": "122321762", "endereco": "Centro de Conferncia Joaquim Chissano, Sala 6, Avenida da Margina,4441 Maputo  Moambique", "vocacao": "venda de ar condicionados", "objectivo": "dfdf", "Representante": "Salvador Joao", "cidade": "Maputo", "provinvia": "Maputo", "user": 20, "history_date": "2023-11-28T08:15:23.725Z", "history_change_reason": null, "history_type": "+", "history_user": null}}, {"model": "webapi.historicalempresa", "pk": 24, "fields": {"idEmpresa": 12, "nome": "SUPERGENERAL", "nuit": "122321762", "endereco": "Centro de Conferncia Joaquim Chissano, Sala 6, Avenida da Margina,4441 Maputo  Moambique", "vocacao": "venda de ar condicionados", "objectivo": "dfdf", "Representante": "Salvador Joao", "cidade": "Maputo", "provinvia": "Maputo", "user": 20, "history_date": "2023-11-28T08:15:23.748Z", "history_change_reason": null, "history_type": "~", "history_user": null}}, {"model": "webapi.historicalempresa", "pk": 25, "fields": {"idEmpresa": 13, "nome": "Pixelaq", "nuit": "23423423423", "endereco": "Centro de Conferncia Joaquim Chissano, Sala 6, Avenida da Margina,4441 Maputo  Moambique", "vocacao": "eletronicos", "objectivo": "dfdf", "Representante": "administrator", "cidade": "Maputo", "provinvia": "Maputo", "user": 22, "history_date": "2023-12-04T09:33:34.570Z", "history_change_reason": null, "history_type": "+", "history_user": null}}, {"model": "webapi.historicalempresa", "pk": 26, "fields": {"idEmpresa": 13, "nome": "Pixelaq", "nuit": "23423423423", "endereco": "Centro de Conferncia Joaquim Chissano, Sala 6, Avenida da Margina,4441 Maputo  Moambique", "vocacao": "eletronicos", "objectivo": "dfdf", "Representante": "administrator", "cidade": "Maputo", "provinvia": "Maputo", "user": 22, "history_date": "2023-12-04T09:33:34.583Z", "history_change_reason": null, "history_type": "~", "history_user": null}}, {"model": "webapi.historicalempresa", "pk": 27, "fields": {"idEmpresa": 14, "nome": "Mozambique Limite", "nuit": "23423423423", "endereco": "Magoanine B,Casa 79,Quarteirao 25", "vocacao": "vendsa", "objectivo": "dfdf", "Representante": "Maximiano Ernesto", "cidade": "Maputo", "provinvia": "Maputo", "user": 23, "history_date": "2024-01-10T00:36:03.946Z", "history_change_reason": null, "history_type": "+", "history_user": null}}, {"model": "webapi.historicalempresa", "pk": 28, "fields": {"idEmpresa": 14, "nome": "Mozambique Limite", "nuit": "23423423423", "endereco": "Magoanine B,Casa 79,Quarteirao 25", "vocacao": "vendsa", "objectivo": "dfdf", "Representante": "Maximiano Ernesto", "cidade": "Maputo", "provinvia": "Maputo", "user": 23, "history_date": "2024-01-10T00:36:03.961Z", "history_change_reason": null, "history_type": "~", "history_user": null}}, {"model": "webapi.historicalempresa", "pk": 29, "fields": {"idEmpresa": 15, "nome": "contrualda", "nuit": "23423423423", "endereco": "Magoanine B,Casa 79,Quarteirao 25", "vocacao": "eletronicos", "objectivo": "dfdf", "Representante": "Admin", "cidade": "Maputo", "provinvia": "Maputo", "user": 26, "history_date": "2024-01-13T11:22:48.169Z", "history_change_reason": null, "history_type": "+", "history_user": null}}, {"model": "webapi.historicalempresa", "pk": 30, "fields": {"idEmpresa": 15, "nome": "contrualda", "nuit": "23423423423", "endereco": "Magoanine B,Casa 79,Quarteirao 25", "vocacao": "eletronicos", "objectivo": "dfdf", "Representante": "Admin", "cidade": "Maputo", "provinvia": "Maputo", "user": 26, "history_date": "2024-01-13T11:22:48.185Z", "history_change_reason": null, "history_type": "~", "history_user": null}}, {"model": "webapi.historicalempresa", "pk": 31, "fields": {"idEmpresa": 16, "nome": "MaputoLimitadae", "nuit": "12345678", "endereco": "Centro de Conferncia Joaquim Chissano, Sala 6, Avenida da Margina,4441 Maputo  Moambique", "vocacao": "venda de software", "objectivo": "dfdf", "Representante": "Anisio Maximiano", "cidade": "Maputo", "provinvia": "Maputo", "user": 27, "history_date": "2024-01-15T11:50:47.636Z", "history_change_reason": null, "history_type": "+", "history_user": null}}, {"model": "webapi.historicalempresa", "pk": 32, "fields": {"idEmpresa": 16, "nome": "MaputoLimitadae", "nuit": "12345678", "endereco": "Centro de Conferncia Joaquim Chissano, Sala 6, Avenida da Margina,4441 Maputo  Moambique", "vocacao": "venda de software", "objectivo": "dfdf", "Representante": "Anisio Maximiano", "cidade": "Maputo", "provinvia": "Maputo", "user": 27, "history_date": "2024-01-15T11:50:47.649Z", "history_change_reason": null, "history_type": "~", "history_user": null}}, {"model": "webapi.historicalempresa", "pk": 33, "fields": {"idEmpresa": 17, "nome": "Marco Arquitetos", "nuit": "23423423423", "endereco": "Magoanine B,Casa 79,Quarteirao 25", "vocacao": "venda de eletricos", "objectivo": "dfdf", "Representante": "Marco Maximiano", "cidade": "Maputo", "provinvia": "Maputo", "user": 28, "history_date": "2024-01-15T21:05:03.665Z", "history_change_reason": null, "history_type": "+", "history_user": null}}, {"model": "webapi.historicalempresa", "pk": 34, "fields": {"idEmpresa": 17, "nome": "Marco Arquitetos", "nuit": "23423423423", "endereco": "Magoanine B,Casa 79,Quarteirao 25", "vocacao": "venda de eletricos", "objectivo": "dfdf", "Representante": "Marco Maximiano", "cidade": "Maputo", "provinvia": "Maputo", "user": 28, "history_date": "2024-01-15T21:05:03.669Z", "history_change_reason": null, "history_type": "~", "history_user": null}}, {"model": "webapi.historicalempresa", "pk": 35, "fields": {"idEmpresa": 17, "nome": "Marco Arquitetos", "nuit": "23423423423", "endereco": "Magoanine B,Casa 79,Quarteirao 25", "vocacao": "venda de eletricos", "objectivo": "dfdf", "Representante": "Marco Maximiano", "cidade": "Maputo", "provinvia": "Maputo", "user": 25, "history_date": "2024-02-16T22:52:45.498Z", "history_change_reason": null, "history_type": "~", "history_user": 24}}, {"model": "webapi.historicalempresa", "pk": 36, "fields": {"idEmpresa": 18, "nome": "Mozambique Limite", "nuit": "123456789", "endereco": "Magoanine B Q15 casa 78", "vocacao": "Venda de Material electrico", "objectivo": "dfdf", "Representante": "Maximiano Ernesto", "cidade": "Maputo", "provinvia": "Maputo", "user": 29, "history_date": "2024-03-07T12:36:36.035Z", "history_change_reason": null, "history_type": "+", "history_user": null}}, {"model": "webapi.historicalempresa", "pk": 37, "fields": {"idEmpresa": 18, "nome": "Mozambique Limite", "nuit": "123456789", "endereco": "Magoanine B Q15 casa 78", "vocacao": "Venda de Material electrico", "objectivo": "dfdf", "Representante": "Maximiano Ernesto", "cidade": "Maputo", "provinvia": "Maputo", "user": 29, "history_date": "2024-03-07T12:36:36.053Z", "history_change_reason": null, "history_type": "~", "history_user": null}}, {"model": "webapi.historicalempresa", "pk": 38, "fields": {"idEmpresa": 19, "nome": "Hsvs", "nuit": "123456789", "endereco": "Magoanoneb", "vocacao": "Venda de carroa ", "objectivo": "dfdf", "Representante": "Mhsg", "cidade": "Maputo", "provinvia": "Maputo", "user": 30, "history_date": "2024-03-08T10:54:59.164Z", "history_change_reason": null, "history_type": "+", "history_user": null}}, {"model": "webapi.historicalempresa", "pk": 39, "fields": {"idEmpresa": 19, "nome": "Hsvs", "nuit": "123456789", "endereco": "Magoanoneb", "vocacao": "Venda de carroa ", "objectivo": "dfdf", "Representante": "Mhsg", "cidade": "Maputo", "provinvia": "Maputo", "user": 30, "history_date": "2024-03-08T10:54:59.186Z", "history_change_reason": null, "history_type": "~", "history_user": null}}, {"model": "webapi.historicalempresa", "pk": 40, "fields": {"idEmpresa": 20, "nome": "MAPI INVESTIMENTOS", "nuit": "123456789", "endereco": "Av . Marginal centro de conferncias Joaquim Chissano salas multi uso ", "vocacao": "Venda de contadores ", "objectivo": "dfdf", "Representante": "Fernando Balane ", "cidade": "Maputo", "provinvia": "Maputo", "user": 31, "history_date": "2024-03-08T10:57:44.632Z", "history_change_reason": null, "history_type": "+", "history_user": null}}, {"model": "webapi.historicalempresa", "pk": 41, "fields": {"idEmpresa": 20, "nome": "MAPI INVESTIMENTOS", "nuit": "123456789", "endereco": "Av . Marginal centro de conferncias Joaquim Chissano salas multi uso ", "vocacao": "Venda de contadores ", "objectivo": "dfdf", "Representante": "Fernando Balane ", "cidade": "Maputo", "provinvia": "Maputo", "user": 31, "history_date": "2024-03-08T10:57:44.637Z", "history_change_reason": null, "history_type": "~", "history_user": null}}, {"model": "webapi.historicalempresa", "pk": 42, "fields": {"idEmpresa": 20, "nome": "MAPI INVESTIMENTOS", "nuit": "123456789", "endereco": "Av . Marginal centro de conferncias Joaquim Chissano salas multi uso ", "vocacao": "Venda de contadores ", "objectivo": "dfdf", "Representante": "Fernando Balane ", "cidade": "Maputo", "provinvia": "Maputo", "user": 31, "history_date": "2024-03-08T10:58:42.123Z", "history_change_reason": null, "history_type": "-", "history_user": 24}}, {"model": "webapi.empresa", "pk": 1, "fields": {"nome": "Marcosjhgd", "nuit": "213333333333M", "endereco": "Maputo,cidade 8", "vocacao": "", "objectivo": "dfdf", "Representante": "Marco Maximiano Djedje", "cidade": "sd", "provinvia": "Maputo", "user": 3}}, {"model": "webapi.empresa", "pk": 2, "fields": {"nome": "Marcosjhgd", "nuit": "434343434344M", "endereco": "kamubukuana q25 c72", "vocacao": "", "objectivo": "dfdf", "Representante": "Carlos Junior", "cidade": "sd", "provinvia": "Maputo", "user": 6}}, {"model": "webapi.empresa", "pk": 3, "fields": {"nome": "Marcosjhgd", "nuit": "434343434344M", "endereco": "kamubukuana q25 c72", "vocacao": "", "objectivo": "dfdf", "Representante": "Carlos Junior", "cidade": "sd", "provinvia": "Maputo", "user": 7}}, {"model": "webapi.empresa", "pk": 4, "fields": {"nome": "numbazoa", "nuit": "123456789", "endereco": "Centro de Conferncia Joaquim Chissano, Sala 6, Avenida da Margina,4441 Maputo  Moambique", "vocacao": "venda de medicamnebtos", "objectivo": "dfdf", "Representante": "Anisio Max", "cidade": "Maputo", "provinvia": "Gaza", "user": 8}}, {"model": "webapi.empresa", "pk": 5, "fields": {"nome": "", "nuit": "", "endereco": "", "vocacao": "", "objectivo": "dfdf", "Representante": "", "cidade": "", "provinvia": "", "user": 11}}, {"model": "webapi.empresa", "pk": 6, "fields": {"nome": "ABC", "nuit": "123456789", "endereco": "Magoanine B q25 casa 78", "vocacao": "Construcao civil", "objectivo": "dfdf", "Representante": "Carlos Manuel", "cidade": "Maputo", "provinvia": "Maputo", "user": 12}}, {"model": "webapi.empresa", "pk": 7, "fields": {"nome": "EMATUM", "nuit": "123456789", "endereco": "Centro de Conferncia Joaquim Chissano, Sala 6, Avenida da Margina,4441 Maputo  Moambique", "vocacao": "Empresa de Pesca de Atum", "objectivo": "dfdf", "Representante": "Zacarias Cristovao", "cidade": "Maputo", "provinvia": "Maputo", "user": 15}}, {"model": "webapi.empresa", "pk": 8, "fields": {"nome": "Toyota", "nuit": "123456789", "endereco": "Magoanine B, Q25 c 78 , Baixa da cidade", "vocacao": "Venda de Automoveis", "objectivo": "dfdf", "Representante": "Carlos Maia", "cidade": "Maputo", "provinvia": "Maputo", "user": 16}}, {"model": "webapi.empresa", "pk": 9, "fields": {"nome": "Pixel SA", "nuit": "123456789", "endereco": "Jat iv , Maputo", "vocacao": "Venda de Sistemas informaticos", "objectivo": "dfdf", "Representante": "Anisio Maximiano", "cidade": "Maputo", "provinvia": "Maputo", "user": 17}}, {"model": "webapi.empresa", "pk": 10, "fields": {"nome": "Matola", "nuit": "123456789", "endereco": "Matola ,q25 casa78", "vocacao": "venda de software", "objectivo": "dfdf", "Representante": "Calos Junior", "cidade": "Maputo", "provinvia": "Maputo", "user": 18}}, {"model": "webapi.empresa", "pk": 11, "fields": {"nome": "Faz tudo", "nuit": "123456789", "endereco": "Centro de Conferncia Joaquim Chissano, Sala 6, Avenida da Margina,4441 Maputo  Moambique", "vocacao": "venda de eletricos", "objectivo": "dfdf", "Representante": "Faz tudo", "cidade": "Maputo", "provinvia": "Maputo", "user": 19}}, {"model": "webapi.empresa", "pk": 12, "fields": {"nome": "SUPERGENERAL", "nuit": "122321762", "endereco": "Centro de Conferncia Joaquim Chissano, Sala 6, Avenida da Margina,4441 Maputo  Moambique", "vocacao": "venda de ar condicionados", "objectivo": "dfdf", "Representante": "Salvador Joao", "cidade": "Maputo", "provinvia": "Maputo", "user": 20}}, {"model": "webapi.empresa", "pk": 13, "fields": {"nome": "Pixelaq", "nuit": "23423423423", "endereco": "Centro de Conferncia Joaquim Chissano, Sala 6, Avenida da Margina,4441 Maputo  Moambique", "vocacao": "eletronicos", "objectivo": "dfdf", "Representante": "administrator", "cidade": "Maputo", "provinvia": "Maputo", "user": 22}}, {"model": "webapi.empresa", "pk": 14, "fields": {"nome": "Mozambique Limite", "nuit": "23423423423", "endereco": "Magoanine B,Casa 79,Quarteirao 25", "vocacao": "vendsa", "objectivo": "dfdf", "Representante": "Maximiano Ernesto", "cidade": "Maputo", "provinvia": "Maputo", "user": 23}}, {"model": "webapi.empresa", "pk": 15, "fields": {"nome": "contrualda", "nuit": "23423423423", "endereco": "Magoanine B,Casa 79,Quarteirao 25", "vocacao": "eletronicos", "objectivo": "dfdf", "Representante": "Admin", "cidade": "Maputo", "provinvia": "Maputo", "user": 26}}, {"model": "webapi.empresa", "pk": 16, "fields": {"nome": "MaputoLimitadae", "nuit": "12345678", "endereco": "Centro de Conferncia Joaquim Chissano, Sala 6, Avenida da Margina,4441 Maputo  Moambique", "vocacao": "venda de software", "objectivo": "dfdf", "Representante": "Anisio Maximiano", "cidade": "Maputo", "provinvia": "Maputo", "user": 27}}, {"model": "webapi.empresa", "pk": 17, "fields": {"nome": "Marco Arquitetos", "nuit": "23423423423", "endereco": "Magoanine B,Casa 79,Quarteirao 25", "vocacao": "venda de eletricos", "objectivo": "dfdf", "Representante": "Marco Maximiano", "cidade": "Maputo", "provinvia": "Maputo", "user": 25}}, {"model": "webapi.empresa", "pk": 18, "fields": {"nome": "Mozambique Limite", "nuit": "123456789", "endereco": "Magoanine B Q15 casa 78", "vocacao": "Venda de Material electrico", "objectivo": "dfdf", "Representante": "Maximiano Ernesto", "cidade": "Maputo", "provinvia": "Maputo", "user": 29}}, {"model": "webapi.empresa", "pk": 19, "fields": {"nome": "Hsvs", "nuit": "123456789", "endereco": "Magoanoneb", "vocacao": "Venda de carroa ", "objectivo": "dfdf", "Representante": "Mhsg", "cidade": "Maputo", "provinvia": "Maputo", "user": 30}}, {"model": "webapi.historicalpedidos_quitacao", "pk": 1, "fields": {"idPedido": 1, "estado": "1", "estado_info": "processamento", "estado_info_inter": "processamento", "data_submisao": "2023-08-03", "tipo": "green", "revisto": "0", "assinalado": "0", "assinalado_er": "0", "idEmpresa": 1, "user": 1, "history_date": "2023-08-03T00:04:40.166Z", "history_change_reason": null, "history_type": "+", "history_user": 3}}, {"model": "webapi.historicalpedidos_quitacao", "pk": 2, "fields": {"idPedido": 1, "estado": "1", "estado_info": "processamento", "estado_info_inter": "processamento", "data_submisao": "2023-08-03", "tipo": "green", "revisto": "0", "assinalado": "0", "assinalado_er": "0", "idEmpresa": 1, "user": 1, "history_date": "2023-08-03T00:04:40.173Z", "history_change_reason": null, "history_type": "~", "history_user": 3}}, {"model": "webapi.historicalpedidos_quitacao", "pk": 3, "fields": {"idPedido": 2, "estado": "1", "estado_info": "processamento", "estado_info_inter": "processamento", "data_submisao": "2023-08-03", "tipo": "green", "revisto": "0", "assinalado": "0", "assinalado_er": "0", "idEmpresa": 1, "user": 1, "history_date": "2023-08-03T00:22:20.624Z", "history_change_reason": null, "history_type": "+", "history_user": 3}}, {"model": "webapi.historicalpedidos_quitacao", "pk": 4, "fields": {"idPedido": 2, "estado": "1", "estado_info": "processamento", "estado_info_inter": "processamento", "data_submisao": "2023-08-03", "tipo": "green", "revisto": "0", "assinalado": "0", "assinalado_er": "0", "idEmpresa": 1, "user": 1, "history_date": "2023-08-03T00:22:20.629Z", "history_change_reason": null, "history_type": "~", "history_user": 3}}, {"model": "webapi.historicalpedidos_quitacao", "pk": 5, "fields": {"idPedido": 3, "estado": "1", "estado_info": "processamento", "estado_info_inter": "processamento", "data_submisao": "2023-08-03", "tipo": "green", "revisto": "0", "assinalado": "0", "assinalado_er": "0", "idEmpresa": 1, "user": 1, "history_date": "2023-08-03T00:22:42.043Z", "history_change_reason": null, "history_type": "+", "history_user": 3}}, {"model": "webapi.historicalpedidos_quitacao", "pk": 6, "fields": {"idPedido": 3, "estado": "1", "estado_info": "processamento", "estado_info_inter": "processamento", "data_submisao": "2023-08-03", "tipo": "green", "revisto": "0", "assinalado": "0", "assinalado_er": "0", "idEmpresa": 1, "user": 1, "history_date": "2023-08-03T00:22:42.048Z", "history_change_reason": null, "history_type": "~", "history_user": 3}}, {"model": "webapi.historicalpedidos_quitacao", "pk": 7, "fields": {"idPedido": 4, "estado": "1", "estado_info": "processamento", "estado_info_inter": "processamento", "data_submisao": "2023-08-03", "tipo": "green", "revisto": "0", "assinalado": "0", "assinalado_er": "0", "idEmpresa": 1, "user": 1, "history_date": "2023-08-03T00:37:38.679Z", "history_change_reason": null, "history_type": "+", "history_user": 3}}, {"model": "webapi.historicalpedidos_quitacao", "pk": 8, "fields": {"idPedido": 4, "estado": "1", "estado_info": "processamento", "estado_info_inter": "processamento", "data_submisao": "2023-08-03", "tipo": "green", "revisto": "0", "assinalado": "0", "assinalado_er": "0", "idEmpresa": 1, "user": 1, "history_date": "2023-08-03T00:37:38.685Z", "history_change_reason": null, "history_type": "~", "history_user": 3}}, {"model": "webapi.historicalpedidos_quitacao", "pk": 9, "fields": {"idPedido": 5, "estado": "1", "estado_info": "processamento", "estado_info_inter": "processamento", "data_submisao": "2023-08-03", "tipo": "green", "revisto": "0", "assinalado": "0", "assinalado_er": "0", "idEmpresa": 1, "user": 1, "history_date": "2023-08-03T00:38:26.941Z", "history_change_reason": null, "history_type": "+", "history_user": 3}}, {"model": "webapi.historicalpedidos_quitacao", "pk": 10, "fields": {"idPedido": 5, "estado": "1", "estado_info": "processamento", "estado_info_inter": "processamento", "data_submisao": "2023-08-03", "tipo": "green", "revisto": "0", "assinalado": "0", "assinalado_er": "0", "idEmpresa": 1, "user": 1, "history_date": "2023-08-03T00:38:26.947Z", "history_change_reason": null, "history_type": "~", "history_user": 3}}, {"model": "webapi.historicalpedidos_quitacao", "pk": 11, "fields": {"idPedido": 1, "estado": "1", "estado_info": "processamento", "estado_info_inter": "", "data_submisao": "2023-08-03", "tipo": "green", "revisto": "1", "assinalado": "0", "assinalado_er": "0", "idEmpresa": 1, "user": 1, "history_date": "2023-08-03T00:46:15.513Z", "history_change_reason": null, "history_type": "~", "history_user": 4}}, {"model": "webapi.historicalpedidos_quitacao", "pk": 12, "fields": {"idPedido": 1, "estado": "2", "estado_info": "Aprovado", "estado_info_inter": "", "data_submisao": "2023-08-03", "tipo": "green", "revisto": "2", "assinalado": "0", "assinalado_er": "0", "idEmpresa": 1, "user": 1, "history_date": "2023-08-03T00:46:45.807Z", "history_change_reason": null, "history_type": "~", "history_user": 5}}, {"model": "webapi.historicalpedidos_quitacao", "pk": 13, "fields": {"idPedido": 6, "estado": "1", "estado_info": "processamento", "estado_info_inter": "processamento", "data_submisao": "2023-08-03", "tipo": "green", "revisto": "0", "assinalado": "0", "assinalado_er": "0", "idEmpresa": 2, "user": 1, "history_date": "2023-08-03T06:24:34.415Z", "history_change_reason": null, "history_type": "+", "history_user": 6}}, {"model": "webapi.historicalpedidos_quitacao", "pk": 14, "fields": {"idPedido": 6, "estado": "1", "estado_info": "processamento", "estado_info_inter": "processamento", "data_submisao": "2023-08-03", "tipo": "green", "revisto": "0", "assinalado": "0", "assinalado_er": "0", "idEmpresa": 2, "user": 1, "history_date": "2023-08-03T06:24:34.420Z", "history_change_reason": null, "history_type": "~", "history_user": 6}}, {"model": "webapi.historicalpedidos_quitacao", "pk": 15, "fields": {"idPedido": 6, "estado": "1", "estado_info": "processamento", "estado_info_inter": "Negativo", "data_submisao": "2023-08-03", "tipo": "green", "revisto": "1", "assinalado": "0", "assinalado_er": "0", "idEmpresa": 2, "user": 1, "history_date": "2023-08-03T06:25:47.997Z", "history_change_reason": null, "history_type": "~", "history_user": 4}}, {"model": "webapi.historicalpedidos_quitacao", "pk": 16, "fields": {"idPedido": 6, "estado": "2", "estado_info": "Aprovado", "estado_info_inter": "Negativo", "data_submisao": "2023-08-03", "tipo": "green", "revisto": "2", "assinalado": "0", "assinalado_er": "0", "idEmpresa": 2, "user": 1, "history_date": "2023-08-03T06:26:39.324Z", "history_change_reason": null, "history_type": "~", "history_user": 5}}, {"model": "webapi.historicalpedidos_quitacao", "pk": 17, "fields": {"idPedido": 7, "estado": "1", "estado_info": "processamento", "estado_info_inter": "processamento", "data_submisao": "2023-08-28", "tipo": "green", "revisto": "0", "assinalado": "0", "assinalado_er": "0", "idEmpresa": 4, "user": 1, "history_date": "2023-08-28T13:37:57.160Z", "history_change_reason": null, "history_type": "+", "history_user": 8}}, {"model": "webapi.historicalpedidos_quitacao", "pk": 18, "fields": {"idPedido": 7, "estado": "1", "estado_info": "processamento", "estado_info_inter": "processamento", "data_submisao": "2023-08-28", "tipo": "green", "revisto": "0", "assinalado": "0", "assinalado_er": "0", "idEmpresa": 4, "user": 1, "history_date": "2023-08-28T13:37:57.168Z", "history_change_reason": null, "history_type": "~", "history_user": 8}}, {"model": "webapi.historicalpedidos_quitacao", "pk": 19, "fields": {"idPedido": 8, "estado": "1", "estado_info": "processamento", "estado_info_inter": "processamento", "data_submisao": "2023-08-28", "tipo": "green", "revisto": "0", "assinalado": "0", "assinalado_er": "0", "idEmpresa": 4, "user": 1, "history_date": "2023-08-28T13:57:07.514Z", "history_change_reason": null, "history_type": "+", "history_user": 8}}, {"model": "webapi.historicalpedidos_quitacao", "pk": 20, "fields": {"idPedido": 8, "estado": "1", "estado_info": "processamento", "estado_info_inter": "processamento", "data_submisao": "2023-08-28", "tipo": "green", "revisto": "0", "assinalado": "0", "assinalado_er": "0", "idEmpresa": 4, "user": 1, "history_date": "2023-08-28T13:57:07.517Z", "history_change_reason": null, "history_type": "~", "history_user": 8}}, {"model": "webapi.historicalpedidos_quitacao", "pk": 21, "fields": {"idPedido": 5, "estado": "1", "estado_info": "processamento", "estado_info_inter": "", "data_submisao": "2023-08-03", "tipo": "green", "revisto": "1", "assinalado": "0", "assinalado_er": "0", "idEmpresa": 1, "user": 1, "history_date": "2023-08-28T14:36:13.849Z", "history_change_reason": null, "history_type": "~", "history_user": 9}}, {"model": "webapi.historicalpedidos_quitacao", "pk": 22, "fields": {"idPedido": 7, "estado": "1", "estado_info": "processamento", "estado_info_inter": "dfdf", "data_submisao": "2023-08-28", "tipo": "green", "revisto": "1", "assinalado": "0", "assinalado_er": "0", "idEmpresa": 4, "user": 1, "history_date": "2023-08-28T14:48:03.169Z", "history_change_reason": null, "history_type": "~", "history_user": 9}}, {"model": "webapi.historicalpedidos_quitacao", "pk": 23, "fields": {"idPedido": 7, "estado": "2", "estado_info": "Aprovado", "estado_info_inter": "dfdf", "data_submisao": "2023-08-28", "tipo": "green", "revisto": "2", "assinalado": "0", "assinalado_er": "0", "idEmpresa": 4, "user": 1, "history_date": "2023-08-28T15:00:06.992Z", "history_change_reason": null, "history_type": "~", "history_user": 10}}, {"model": "webapi.historicalpedidos_quitacao", "pk": 24, "fields": {"idPedido": 7, "estado": "2", "estado_info": "Aprovado", "estado_info_inter": "dfdf", "data_submisao": "2023-08-28", "tipo": "green", "revisto": "2", "assinalado": "0", "assinalado_er": "0", "idEmpresa": 4, "user": 1, "history_date": "2023-08-28T15:01:59.593Z", "history_change_reason": null, "history_type": "~", "history_user": 10}}, {"model": "webapi.historicalpedidos_quitacao", "pk": 25, "fields": {"idPedido": 7, "estado": "2", "estado_info": "Aprovado", "estado_info_inter": "dfdf", "data_submisao": "2023-08-28", "tipo": "green", "revisto": "2", "assinalado": "0", "assinalado_er": "0", "idEmpresa": 4, "user": 1, "history_date": "2023-08-28T15:04:20.266Z", "history_change_reason": null, "history_type": "~", "history_user": 10}}, {"model": "webapi.historicalpedidos_quitacao", "pk": 26, "fields": {"idPedido": 7, "estado": "2", "estado_info": "Aprovado", "estado_info_inter": "dfdf", "data_submisao": "2023-08-28", "tipo": "green", "revisto": "2", "assinalado": "0", "assinalado_er": "0", "idEmpresa": 4, "user": 1, "history_date": "2023-08-28T15:05:42.671Z", "history_change_reason": null, "history_type": "~", "history_user": 10}}, {"model": "webapi.historicalpedidos_quitacao", "pk": 27, "fields": {"idPedido": 7, "estado": "2", "estado_info": "Aprovado", "estado_info_inter": "dfdf", "data_submisao": "2023-08-28", "tipo": "green", "revisto": "2", "assinalado": "0", "assinalado_er": "0", "idEmpresa": 4, "user": 1, "history_date": "2023-08-28T15:06:06.878Z", "history_change_reason": null, "history_type": "~", "history_user": 10}}, {"model": "webapi.historicalpedidos_quitacao", "pk": 28, "fields": {"idPedido": 7, "estado": "2", "estado_info": "Aprovado", "estado_info_inter": "dfdf", "data_submisao": "2023-08-28", "tipo": "green", "revisto": "2", "assinalado": "0", "assinalado_er": "0", "idEmpresa": 4, "user": 1, "history_date": "2023-08-28T15:06:40.210Z", "history_change_reason": null, "history_type": "~", "history_user": 10}}, {"model": "webapi.historicalpedidos_quitacao", "pk": 29, "fields": {"idPedido": 8, "estado": "2", "estado_info": "Reprovado", "estado_info_inter": "", "data_submisao": "2023-08-28", "tipo": "red", "revisto": "1", "assinalado": "0", "assinalado_er": "0", "idEmpresa": 4, "user": 1, "history_date": "2023-08-30T10:00:33.001Z", "history_change_reason": null, "history_type": "~", "history_user": 9}}, {"model": "webapi.historicalpedidos_quitacao", "pk": 30, "fields": {"idPedido": 9, "estado": "1", "estado_info": "processamento", "estado_info_inter": "processamento", "data_submisao": "2023-08-30", "tipo": "green", "revisto": "0", "assinalado": "0", "assinalado_er": "0", "idEmpresa": 6, "user": 1, "history_date": "2023-08-30T10:09:05.446Z", "history_change_reason": null, "history_type": "+", "history_user": 12}}, {"model": "webapi.historicalpedidos_quitacao", "pk": 31, "fields": {"idPedido": 9, "estado": "1", "estado_info": "processamento", "estado_info_inter": "processamento", "data_submisao": "2023-08-30", "tipo": "green", "revisto": "0", "assinalado": "0", "assinalado_er": "0", "idEmpresa": 6, "user": 1, "history_date": "2023-08-30T10:09:05.449Z", "history_change_reason": null, "history_type": "~", "history_user": 12}}, {"model": "webapi.historicalpedidos_quitacao", "pk": 32, "fields": {"idPedido": 9, "estado": "1", "estado_info": "processamento", "estado_info_inter": "processamento", "data_submisao": "2023-08-30", "tipo": "green", "revisto": "0", "assinalado": "0", "assinalado_er": "0", "idEmpresa": 6, "user": 14, "history_date": "2023-08-30T12:29:32.900Z", "history_change_reason": null, "history_type": "~", "history_user": 9}}, {"model": "webapi.historicalpedidos_quitacao", "pk": 33, "fields": {"idPedido": 9, "estado": "1", "estado_info": "processamento", "estado_info_inter": "processamento", "data_submisao": "2023-08-30", "tipo": "green", "revisto": "0", "assinalado": "0", "assinalado_er": "0", "idEmpresa": 6, "user": 13, "history_date": "2023-08-30T12:29:41.919Z", "history_change_reason": null, "history_type": "~", "history_user": 9}}, {"model": "webapi.historicalpedidos_quitacao", "pk": 34, "fields": {"idPedido": 9, "estado": "1", "estado_info": "processamento", "estado_info_inter": "processamento", "data_submisao": "2023-08-30", "tipo": "green", "revisto": "0", "assinalado": "1", "assinalado_er": "0", "idEmpresa": 6, "user": 14, "history_date": "2023-08-30T12:34:00.737Z", "history_change_reason": null, "history_type": "~", "history_user": 9}}, {"model": "webapi.historicalpedidos_quitacao", "pk": 35, "fields": {"idPedido": 4, "estado": "1", "estado_info": "processamento", "estado_info_inter": "processamento", "data_submisao": "2023-08-03", "tipo": "green", "revisto": "0", "assinalado": "1", "assinalado_er": "0", "idEmpresa": 1, "user": 14, "history_date": "2023-08-30T12:35:45.406Z", "history_change_reason": null, "history_type": "~", "history_user": 9}}, {"model": "webapi.historicalpedidos_quitacao", "pk": 36, "fields": {"idPedido": 4, "estado": "1", "estado_info": "processamento", "estado_info_inter": "processamento", "data_submisao": "2023-08-03", "tipo": "green", "revisto": "0", "assinalado": "1", "assinalado_er": "0", "idEmpresa": 1, "user": 14, "history_date": "2023-08-30T12:35:56.841Z", "history_change_reason": null, "history_type": "~", "history_user": 9}}, {"model": "webapi.historicalpedidos_quitacao", "pk": 37, "fields": {"idPedido": 4, "estado": "1", "estado_info": "processamento", "estado_info_inter": "processamento", "data_submisao": "2023-08-03", "tipo": "green", "revisto": "0", "assinalado": "1", "assinalado_er": "0", "idEmpresa": 1, "user": 14, "history_date": "2023-08-30T12:36:00.888Z", "history_change_reason": null, "history_type": "~", "history_user": 9}}, {"model": "webapi.historicalpedidos_quitacao", "pk": 38, "fields": {"idPedido": 3, "estado": "1", "estado_info": "processamento", "estado_info_inter": "processamento", "data_submisao": "2023-08-03", "tipo": "green", "revisto": "0", "assinalado": "1", "assinalado_er": "1", "idEmpresa": 1, "user": 13, "history_date": "2023-08-30T12:49:55.612Z", "history_change_reason": null, "history_type": "~", "history_user": 9}}, {"model": "webapi.historicalpedidos_quitacao", "pk": 39, "fields": {"idPedido": 9, "estado": "1", "estado_info": "processamento", "estado_info_inter": "processamento", "data_submisao": "2023-08-30", "tipo": "green", "revisto": "0", "assinalado": "0", "assinalado_er": "3", "idEmpresa": 6, "user": 14, "history_date": "2023-08-30T13:22:59.932Z", "history_change_reason": null, "history_type": "~", "history_user": 14}}, {"model": "webapi.historicalpedidos_quitacao", "pk": 40, "fields": {"idPedido": 9, "estado": "2", "estado_info": "Reprovado", "estado_info_inter": "", "data_submisao": "2023-08-30", "tipo": "red", "revisto": "1", "assinalado": "0", "assinalado_er": "3", "idEmpresa": 6, "user": 14, "history_date": "2023-08-30T13:23:31.845Z", "history_change_reason": null, "history_type": "~", "history_user": 9}}, {"model": "webapi.historicalpedidos_quitacao", "pk": 41, "fields": {"idPedido": 2, "estado": "1", "estado_info": "processamento", "estado_info_inter": "processamento", "data_submisao": "2023-08-03", "tipo": "green", "revisto": "0", "assinalado": "1", "assinalado_er": "1", "idEmpresa": 1, "user": 13, "history_date": "2023-08-30T14:09:57.087Z", "history_change_reason": null, "history_type": "~", "history_user": 9}}, {"model": "webapi.historicalpedidos_quitacao", "pk": 42, "fields": {"idPedido": 3, "estado": "1", "estado_info": "processamento", "estado_info_inter": "processamento", "data_submisao": "2023-08-03", "tipo": "green", "revisto": "0", "assinalado": "0", "assinalado_er": "3", "idEmpresa": 1, "user": 13, "history_date": "2023-08-30T14:11:49.620Z", "history_change_reason": null, "history_type": "~", "history_user": 13}}, {"model": "webapi.historicalpedidos_quitacao", "pk": 43, "fields": {"idPedido": 10, "estado": "1", "estado_info": "processamento", "estado_info_inter": "processamento", "data_submisao": "2023-08-30", "tipo": "green", "revisto": "0", "assinalado": "0", "assinalado_er": "0", "idEmpresa": 6, "user": 1, "history_date": "2023-08-30T14:16:02.264Z", "history_change_reason": null, "history_type": "+", "history_user": 12}}, {"model": "webapi.historicalpedidos_quitacao", "pk": 44, "fields": {"idPedido": 10, "estado": "1", "estado_info": "processamento", "estado_info_inter": "processamento", "data_submisao": "2023-08-30", "tipo": "green", "revisto": "0", "assinalado": "0", "assinalado_er": "0", "idEmpresa": 6, "user": 1, "history_date": "2023-08-30T14:16:02.277Z", "history_change_reason": null, "history_type": "~", "history_user": 12}}, {"model": "webapi.historicalpedidos_quitacao", "pk": 45, "fields": {"idPedido": 10, "estado": "1", "estado_info": "processamento", "estado_info_inter": "processamento", "data_submisao": "2023-08-30", "tipo": "green", "revisto": "0", "assinalado": "1", "assinalado_er": "1", "idEmpresa": 6, "user": 13, "history_date": "2023-08-30T14:16:20.944Z", "history_change_reason": null, "history_type": "~", "history_user": 9}}, {"model": "webapi.historicalpedidos_quitacao", "pk": 46, "fields": {"idPedido": 10, "estado": "1", "estado_info": "processamento", "estado_info_inter": "processamento", "data_submisao": "2023-08-30", "tipo": "green", "revisto": "0", "assinalado": "0", "assinalado_er": "3", "idEmpresa": 6, "user": 13, "history_date": "2023-08-30T14:17:01.256Z", "history_change_reason": null, "history_type": "~", "history_user": 13}}, {"model": "webapi.historicalpedidos_quitacao", "pk": 47, "fields": {"idPedido": 10, "estado": "1", "estado_info": "processamento", "estado_info_inter": "passa", "data_submisao": "2023-08-30", "tipo": "green", "revisto": "1", "assinalado": "0", "assinalado_er": "3", "idEmpresa": 6, "user": 13, "history_date": "2023-08-30T14:17:18.613Z", "history_change_reason": null, "history_type": "~", "history_user": 9}}, {"model": "webapi.historicalpedidos_quitacao", "pk": 48, "fields": {"idPedido": 9, "estado": "1", "estado_info": "Reprovado", "estado_info_inter": "", "data_submisao": "2023-08-30", "tipo": "red", "revisto": "2", "assinalado": "0", "assinalado_er": "3", "idEmpresa": 6, "user": 14, "history_date": "2023-08-30T14:17:47.486Z", "history_change_reason": null, "history_type": "~", "history_user": 10}}, {"model": "webapi.historicalpedidos_quitacao", "pk": 49, "fields": {"idPedido": 10, "estado": "2", "estado_info": "Aprovado", "estado_info_inter": "passa", "data_submisao": "2023-08-30", "tipo": "green", "revisto": "2", "assinalado": "0", "assinalado_er": "3", "idEmpresa": 6, "user": 13, "history_date": "2023-08-30T14:17:51.577Z", "history_change_reason": null, "history_type": "~", "history_user": 10}}, {"model": "webapi.historicalpedidos_quitacao", "pk": 50, "fields": {"idPedido": 11, "estado": "1", "estado_info": "processamento", "estado_info_inter": "processamento", "data_submisao": "2023-08-30", "tipo": "green", "revisto": "0", "assinalado": "0", "assinalado_er": "0", "idEmpresa": 7, "user": 1, "history_date": "2023-08-30T19:34:57.936Z", "history_change_reason": null, "history_type": "+", "history_user": 15}}, {"model": "webapi.historicalpedidos_quitacao", "pk": 51, "fields": {"idPedido": 11, "estado": "1", "estado_info": "processamento", "estado_info_inter": "processamento", "data_submisao": "2023-08-30", "tipo": "green", "revisto": "0", "assinalado": "0", "assinalado_er": "0", "idEmpresa": 7, "user": 1, "history_date": "2023-08-30T19:34:57.942Z", "history_change_reason": null, "history_type": "~", "history_user": 15}}, {"model": "webapi.historicalpedidos_quitacao", "pk": 52, "fields": {"idPedido": 11, "estado": "1", "estado_info": "processamento", "estado_info_inter": "processamento", "data_submisao": "2023-08-30", "tipo": "green", "revisto": "0", "assinalado": "1", "assinalado_er": "1", "idEmpresa": 7, "user": 13, "history_date": "2023-08-30T19:35:50.012Z", "history_change_reason": null, "history_type": "~", "history_user": 9}}, {"model": "webapi.historicalpedidos_quitacao", "pk": 53, "fields": {"idPedido": 11, "estado": "1", "estado_info": "processamento", "estado_info_inter": "processamento", "data_submisao": "2023-08-30", "tipo": "green", "revisto": "0", "assinalado": "0", "assinalado_er": "3", "idEmpresa": 7, "user": 13, "history_date": "2023-08-30T19:36:23.347Z", "history_change_reason": null, "history_type": "~", "history_user": 13}}, {"model": "webapi.historicalpedidos_quitacao", "pk": 54, "fields": {"idPedido": 11, "estado": "1", "estado_info": "processamento", "estado_info_inter": "", "data_submisao": "2023-08-30", "tipo": "green", "revisto": "1", "assinalado": "0", "assinalado_er": "3", "idEmpresa": 7, "user": 13, "history_date": "2023-08-30T19:36:54.544Z", "history_change_reason": null, "history_type": "~", "history_user": 9}}, {"model": "webapi.historicalpedidos_quitacao", "pk": 55, "fields": {"idPedido": 11, "estado": "2", "estado_info": "Aprovado", "estado_info_inter": "", "data_submisao": "2023-08-30", "tipo": "green", "revisto": "2", "assinalado": "0", "assinalado_er": "3", "idEmpresa": 7, "user": 13, "history_date": "2023-08-30T19:37:10.456Z", "history_change_reason": null, "history_type": "~", "history_user": 10}}, {"model": "webapi.historicalpedidos_quitacao", "pk": 56, "fields": {"idPedido": 12, "estado": "1", "estado_info": "processamento", "estado_info_inter": "processamento", "data_submisao": "2023-08-30", "tipo": "green", "revisto": "0", "assinalado": "0", "assinalado_er": "0", "idEmpresa": 8, "user": 1, "history_date": "2023-08-30T19:51:22.415Z", "history_change_reason": null, "history_type": "+", "history_user": 16}}, {"model": "webapi.historicalpedidos_quitacao", "pk": 57, "fields": {"idPedido": 12, "estado": "1", "estado_info": "processamento", "estado_info_inter": "processamento", "data_submisao": "2023-08-30", "tipo": "green", "revisto": "0", "assinalado": "0", "assinalado_er": "0", "idEmpresa": 8, "user": 1, "history_date": "2023-08-30T19:51:22.420Z", "history_change_reason": null, "history_type": "~", "history_user": 16}}, {"model": "webapi.historicalpedidos_quitacao", "pk": 58, "fields": {"idPedido": 12, "estado": "1", "estado_info": "processamento", "estado_info_inter": "processamento", "data_submisao": "2023-08-30", "tipo": "green", "revisto": "0", "assinalado": "1", "assinalado_er": "1", "idEmpresa": 8, "user": 13, "history_date": "2023-08-30T19:55:18.509Z", "history_change_reason": null, "history_type": "~", "history_user": 9}}, {"model": "webapi.historicalpedidos_quitacao", "pk": 59, "fields": {"idPedido": 12, "estado": "1", "estado_info": "processamento", "estado_info_inter": "processamento", "data_submisao": "2023-08-30", "tipo": "green", "revisto": "0", "assinalado": "0", "assinalado_er": "3", "idEmpresa": 8, "user": 13, "history_date": "2023-08-30T19:56:09.662Z", "history_change_reason": null, "history_type": "~", "history_user": 13}}, {"model": "webapi.historicalpedidos_quitacao", "pk": 60, "fields": {"idPedido": 12, "estado": "1", "estado_info": "processamento", "estado_info_inter": "", "data_submisao": "2023-08-30", "tipo": "green", "revisto": "1", "assinalado": "0", "assinalado_er": "3", "idEmpresa": 8, "user": 13, "history_date": "2023-08-30T19:57:01.061Z", "history_change_reason": null, "history_type": "~", "history_user": 9}}, {"model": "webapi.historicalpedidos_quitacao", "pk": 61, "fields": {"idPedido": 12, "estado": "2", "estado_info": "Aprovado", "estado_info_inter": "", "data_submisao": "2023-08-30", "tipo": "green", "revisto": "2", "assinalado": "0", "assinalado_er": "3", "idEmpresa": 8, "user": 13, "history_date": "2023-08-30T19:57:21.104Z", "history_change_reason": null, "history_type": "~", "history_user": 10}}, {"model": "webapi.historicalpedidos_quitacao", "pk": 62, "fields": {"idPedido": 13, "estado": "1", "estado_info": "processamento", "estado_info_inter": "processamento", "data_submisao": "2023-08-31", "tipo": "green", "revisto": "0", "assinalado": "0", "assinalado_er": "0", "idEmpresa": 9, "user": 1, "history_date": "2023-08-31T08:33:50.668Z", "history_change_reason": null, "history_type": "+", "history_user": 17}}, {"model": "webapi.historicalpedidos_quitacao", "pk": 63, "fields": {"idPedido": 13, "estado": "1", "estado_info": "processamento", "estado_info_inter": "processamento", "data_submisao": "2023-08-31", "tipo": "green", "revisto": "0", "assinalado": "0", "assinalado_er": "0", "idEmpresa": 9, "user": 1, "history_date": "2023-08-31T08:33:50.674Z", "history_change_reason": null, "history_type": "~", "history_user": 17}}, {"model": "webapi.historicalpedidos_quitacao", "pk": 64, "fields": {"idPedido": 13, "estado": "1", "estado_info": "processamento", "estado_info_inter": "processamento", "data_submisao": "2023-08-31", "tipo": "green", "revisto": "0", "assinalado": "1", "assinalado_er": "1", "idEmpresa": 9, "user": 13, "history_date": "2023-08-31T08:36:00.246Z", "history_change_reason": null, "history_type": "~", "history_user": 9}}, {"model": "webapi.historicalpedidos_quitacao", "pk": 65, "fields": {"idPedido": 13, "estado": "1", "estado_info": "processamento", "estado_info_inter": "processamento", "data_submisao": "2023-08-31", "tipo": "green", "revisto": "0", "assinalado": "0", "assinalado_er": "3", "idEmpresa": 9, "user": 13, "history_date": "2023-08-31T08:36:52.482Z", "history_change_reason": null, "history_type": "~", "history_user": 13}}, {"model": "webapi.historicalpedidos_quitacao", "pk": 66, "fields": {"idPedido": 13, "estado": "1", "estado_info": "processamento", "estado_info_inter": "", "data_submisao": "2023-08-31", "tipo": "green", "revisto": "1", "assinalado": "0", "assinalado_er": "3", "idEmpresa": 9, "user": 13, "history_date": "2023-08-31T08:38:59.948Z", "history_change_reason": null, "history_type": "~", "history_user": 9}}, {"model": "webapi.historicalpedidos_quitacao", "pk": 67, "fields": {"idPedido": 13, "estado": "2", "estado_info": "Aprovado", "estado_info_inter": "", "data_submisao": "2023-08-31", "tipo": "green", "revisto": "2", "assinalado": "0", "assinalado_er": "3", "idEmpresa": 9, "user": 13, "history_date": "2023-08-31T08:39:18.780Z", "history_change_reason": null, "history_type": "~", "history_user": 10}}, {"model": "webapi.historicalpedidos_quitacao", "pk": 68, "fields": {"idPedido": 13, "estado": "2", "estado_info": "Aprovado", "estado_info_inter": "", "data_submisao": "2023-08-31", "tipo": "green", "revisto": "2", "assinalado": "0", "assinalado_er": "3", "idEmpresa": 9, "user": 13, "history_date": "2023-08-31T08:39:33.363Z", "history_change_reason": null, "history_type": "~", "history_user": 10}}, {"model": "webapi.historicalpedidos_quitacao", "pk": 69, "fields": {"idPedido": 13, "estado": "2", "estado_info": "Aprovado", "estado_info_inter": "", "data_submisao": "2023-08-31", "tipo": "green", "revisto": "2", "assinalado": "0", "assinalado_er": "3", "idEmpresa": 9, "user": 13, "history_date": "2023-08-31T08:41:14.512Z", "history_change_reason": null, "history_type": "~", "history_user": 10}}, {"model": "webapi.historicalpedidos_quitacao", "pk": 70, "fields": {"idPedido": 13, "estado": "2", "estado_info": "Aprovado", "estado_info_inter": "", "data_submisao": "2023-08-31", "tipo": "green", "revisto": "2", "assinalado": "0", "assinalado_er": "3", "idEmpresa": 9, "user": 13, "history_date": "2023-08-31T08:41:48.569Z", "history_change_reason": null, "history_type": "~", "history_user": 10}}, {"model": "webapi.historicalpedidos_quitacao", "pk": 71, "fields": {"idPedido": 14, "estado": "1", "estado_info": "processamento", "estado_info_inter": "processamento", "data_submisao": "2023-09-01", "tipo": "green", "revisto": "0", "assinalado": "0", "assinalado_er": "0", "idEmpresa": 10, "user": 1, "history_date": "2023-09-01T08:53:18.053Z", "history_change_reason": null, "history_type": "+", "history_user": 18}}, {"model": "webapi.historicalpedidos_quitacao", "pk": 72, "fields": {"idPedido": 14, "estado": "1", "estado_info": "processamento", "estado_info_inter": "processamento", "data_submisao": "2023-09-01", "tipo": "green", "revisto": "0", "assinalado": "0", "assinalado_er": "0", "idEmpresa": 10, "user": 1, "history_date": "2023-09-01T08:53:18.059Z", "history_change_reason": null, "history_type": "~", "history_user": 18}}, {"model": "webapi.historicalpedidos_quitacao", "pk": 73, "fields": {"idPedido": 14, "estado": "1", "estado_info": "processamento", "estado_info_inter": "processamento", "data_submisao": "2023-09-01", "tipo": "green", "revisto": "0", "assinalado": "1", "assinalado_er": "1", "idEmpresa": 10, "user": 13, "history_date": "2023-09-01T08:55:20.973Z", "history_change_reason": null, "history_type": "~", "history_user": 9}}, {"model": "webapi.historicalpedidos_quitacao", "pk": 74, "fields": {"idPedido": 14, "estado": "1", "estado_info": "processamento", "estado_info_inter": "processamento", "data_submisao": "2023-09-01", "tipo": "green", "revisto": "0", "assinalado": "0", "assinalado_er": "3", "idEmpresa": 10, "user": 13, "history_date": "2023-09-01T08:57:36.977Z", "history_change_reason": null, "history_type": "~", "history_user": 13}}, {"model": "webapi.historicalpedidos_quitacao", "pk": 75, "fields": {"idPedido": 14, "estado": "1", "estado_info": "processamento", "estado_info_inter": "", "data_submisao": "2023-09-01", "tipo": "green", "revisto": "1", "assinalado": "0", "assinalado_er": "3", "idEmpresa": 10, "user": 13, "history_date": "2023-09-01T08:58:09.301Z", "history_change_reason": null, "history_type": "~", "history_user": 9}}, {"model": "webapi.historicalpedidos_quitacao", "pk": 76, "fields": {"idPedido": 14, "estado": "2", "estado_info": "Aprovado", "estado_info_inter": "", "data_submisao": "2023-09-01", "tipo": "green", "revisto": "2", "assinalado": "0", "assinalado_er": "3", "idEmpresa": 10, "user": 13, "history_date": "2023-09-01T08:58:32.890Z", "history_change_reason": null, "history_type": "~", "history_user": 10}}, {"model": "webapi.historicalpedidos_quitacao", "pk": 77, "fields": {"idPedido": 15, "estado": "1", "estado_info": "processamento", "estado_info_inter": "processamento", "data_submisao": "2023-09-01", "tipo": "green", "revisto": "0", "assinalado": "0", "assinalado_er": "0", "idEmpresa": 11, "user": 1, "history_date": "2023-09-01T09:11:52.957Z", "history_change_reason": null, "history_type": "+", "history_user": 19}}, {"model": "webapi.historicalpedidos_quitacao", "pk": 78, "fields": {"idPedido": 15, "estado": "1", "estado_info": "processamento", "estado_info_inter": "processamento", "data_submisao": "2023-09-01", "tipo": "green", "revisto": "0", "assinalado": "0", "assinalado_er": "0", "idEmpresa": 11, "user": 1, "history_date": "2023-09-01T09:11:52.960Z", "history_change_reason": null, "history_type": "~", "history_user": 19}}, {"model": "webapi.historicalpedidos_quitacao", "pk": 79, "fields": {"idPedido": 15, "estado": "1", "estado_info": "processamento", "estado_info_inter": "processamento", "data_submisao": "2023-09-01", "tipo": "green", "revisto": "0", "assinalado": "1", "assinalado_er": "1", "idEmpresa": 11, "user": 13, "history_date": "2023-09-01T09:12:14.448Z", "history_change_reason": null, "history_type": "~", "history_user": 9}}, {"model": "webapi.historicalpedidos_quitacao", "pk": 80, "fields": {"idPedido": 16, "estado": "1", "estado_info": "processamento", "estado_info_inter": "processamento", "data_submisao": "2023-11-28", "tipo": "green", "revisto": "0", "assinalado": "0", "assinalado_er": "0", "idEmpresa": 12, "user": 1, "history_date": "2023-11-28T08:31:07.650Z", "history_change_reason": null, "history_type": "+", "history_user": 20}}, {"model": "webapi.historicalpedidos_quitacao", "pk": 81, "fields": {"idPedido": 16, "estado": "1", "estado_info": "processamento", "estado_info_inter": "processamento", "data_submisao": "2023-11-28", "tipo": "green", "revisto": "0", "assinalado": "0", "assinalado_er": "0", "idEmpresa": 12, "user": 1, "history_date": "2023-11-28T08:31:07.678Z", "history_change_reason": null, "history_type": "~", "history_user": 20}}, {"model": "webapi.historicalpedidos_quitacao", "pk": 82, "fields": {"idPedido": 16, "estado": "1", "estado_info": "processamento", "estado_info_inter": "processamento", "data_submisao": "2023-11-28", "tipo": "green", "revisto": "0", "assinalado": "1", "assinalado_er": "1", "idEmpresa": 12, "user": 13, "history_date": "2023-11-28T08:35:36.874Z", "history_change_reason": null, "history_type": "~", "history_user": 9}}, {"model": "webapi.historicalpedidos_quitacao", "pk": 83, "fields": {"idPedido": 16, "estado": "1", "estado_info": "processamento", "estado_info_inter": "processamento", "data_submisao": "2023-11-28", "tipo": "green", "revisto": "0", "assinalado": "0", "assinalado_er": "3", "idEmpresa": 12, "user": 13, "history_date": "2023-11-28T08:36:32.230Z", "history_change_reason": null, "history_type": "~", "history_user": 13}}, {"model": "webapi.historicalpedidos_quitacao", "pk": 84, "fields": {"idPedido": 16, "estado": "1", "estado_info": "processamento", "estado_info_inter": "", "data_submisao": "2023-11-28", "tipo": "green", "revisto": "1", "assinalado": "0", "assinalado_er": "3", "idEmpresa": 12, "user": 13, "history_date": "2023-11-28T08:37:22.921Z", "history_change_reason": null, "history_type": "~", "history_user": 13}}, {"model": "webapi.historicalpedidos_quitacao", "pk": 85, "fields": {"idPedido": 16, "estado": "2", "estado_info": "Aprovado", "estado_info_inter": "", "data_submisao": "2023-11-28", "tipo": "green", "revisto": "2", "assinalado": "0", "assinalado_er": "3", "idEmpresa": 12, "user": 13, "history_date": "2023-11-28T08:41:13.623Z", "history_change_reason": null, "history_type": "~", "history_user": 10}}, {"model": "webapi.historicalpedidos_quitacao", "pk": 86, "fields": {"idPedido": 16, "estado": "2", "estado_info": "Aprovado", "estado_info_inter": "", "data_submisao": "2023-11-28", "tipo": "green", "revisto": "2", "assinalado": "0", "assinalado_er": "3", "idEmpresa": 12, "user": 13, "history_date": "2023-11-28T08:41:18.791Z", "history_change_reason": null, "history_type": "~", "history_user": 10}}, {"model": "webapi.historicalpedidos_quitacao", "pk": 87, "fields": {"idPedido": 17, "estado": "1", "estado_info": "processamento", "estado_info_inter": "processamento", "data_submisao": "2024-01-10", "tipo": "green", "revisto": "0", "assinalado": "0", "assinalado_er": "0", "idEmpresa": 14, "user": 1, "history_date": "2024-01-10T07:36:51.208Z", "history_change_reason": null, "history_type": "+", "history_user": 23}}, {"model": "webapi.historicalpedidos_quitacao", "pk": 88, "fields": {"idPedido": 17, "estado": "1", "estado_info": "processamento", "estado_info_inter": "processamento", "data_submisao": "2024-01-10", "tipo": "green", "revisto": "0", "assinalado": "0", "assinalado_er": "0", "idEmpresa": 14, "user": 1, "history_date": "2024-01-10T07:36:51.242Z", "history_change_reason": null, "history_type": "~", "history_user": 23}}, {"model": "webapi.historicalpedidos_quitacao", "pk": 89, "fields": {"idPedido": 18, "estado": "1", "estado_info": "processamento", "estado_info_inter": "processamento", "data_submisao": "2024-01-13", "tipo": "green", "revisto": "0", "assinalado": "0", "assinalado_er": "0", "idEmpresa": 9, "user": 1, "history_date": "2024-01-13T10:53:55.610Z", "history_change_reason": null, "history_type": "+", "history_user": 17}}, {"model": "webapi.historicalpedidos_quitacao", "pk": 90, "fields": {"idPedido": 18, "estado": "1", "estado_info": "processamento", "estado_info_inter": "processamento", "data_submisao": "2024-01-13", "tipo": "green", "revisto": "0", "assinalado": "0", "assinalado_er": "0", "idEmpresa": 9, "user": 1, "history_date": "2024-01-13T10:53:55.628Z", "history_change_reason": null, "history_type": "~", "history_user": 17}}, {"model": "webapi.historicalpedidos_quitacao", "pk": 91, "fields": {"idPedido": 19, "estado": "1", "estado_info": "processamento", "estado_info_inter": "processamento", "data_submisao": "2024-01-13", "tipo": "green", "revisto": "0", "assinalado": "0", "assinalado_er": "0", "idEmpresa": 15, "user": 1, "history_date": "2024-01-13T11:25:19.873Z", "history_change_reason": null, "history_type": "+", "history_user": 26}}, {"model": "webapi.historicalpedidos_quitacao", "pk": 92, "fields": {"idPedido": 19, "estado": "1", "estado_info": "processamento", "estado_info_inter": "processamento", "data_submisao": "2024-01-13", "tipo": "green", "revisto": "0", "assinalado": "0", "assinalado_er": "0", "idEmpresa": 15, "user": 1, "history_date": "2024-01-13T11:25:19.880Z", "history_change_reason": null, "history_type": "~", "history_user": 26}}, {"model": "webapi.historicalpedidos_quitacao", "pk": 93, "fields": {"idPedido": 19, "estado": "1", "estado_info": "processamento", "estado_info_inter": "processamento", "data_submisao": "2024-01-13", "tipo": "green", "revisto": "0", "assinalado": "1", "assinalado_er": "1", "idEmpresa": 15, "user": 13, "history_date": "2024-01-13T11:31:03.448Z", "history_change_reason": null, "history_type": "~", "history_user": 9}}, {"model": "webapi.historicalpedidos_quitacao", "pk": 94, "fields": {"idPedido": 19, "estado": "1", "estado_info": "processamento", "estado_info_inter": "processamento", "data_submisao": "2024-01-13", "tipo": "green", "revisto": "0", "assinalado": "0", "assinalado_er": "3", "idEmpresa": 15, "user": 13, "history_date": "2024-01-13T11:33:28.188Z", "history_change_reason": null, "history_type": "~", "history_user": 13}}, {"model": "webapi.historicalpedidos_quitacao", "pk": 95, "fields": {"idPedido": 19, "estado": "1", "estado_info": "processamento", "estado_info_inter": "", "data_submisao": "2024-01-13", "tipo": "green", "revisto": "1", "assinalado": "0", "assinalado_er": "3", "idEmpresa": 15, "user": 13, "history_date": "2024-01-13T11:33:56.327Z", "history_change_reason": null, "history_type": "~", "history_user": 9}}, {"model": "webapi.historicalpedidos_quitacao", "pk": 96, "fields": {"idPedido": 20, "estado": "1", "estado_info": "processamento", "estado_info_inter": "processamento", "data_submisao": "2024-01-15", "tipo": "green", "revisto": "0", "assinalado": "0", "assinalado_er": "0", "idEmpresa": 16, "user": 1, "history_date": "2024-01-15T14:25:28.268Z", "history_change_reason": null, "history_type": "+", "history_user": 27}}, {"model": "webapi.historicalpedidos_quitacao", "pk": 97, "fields": {"idPedido": 20, "estado": "1", "estado_info": "processamento", "estado_info_inter": "processamento", "data_submisao": "2024-01-15", "tipo": "green", "revisto": "0", "assinalado": "0", "assinalado_er": "0", "idEmpresa": 16, "user": 1, "history_date": "2024-01-15T14:25:28.285Z", "history_change_reason": null, "history_type": "~", "history_user": 27}}, {"model": "webapi.historicalpedidos_quitacao", "pk": 98, "fields": {"idPedido": 21, "estado": "1", "estado_info": "processamento", "estado_info_inter": "processamento", "data_submisao": "2024-01-15", "tipo": "green", "revisto": "0", "assinalado": "0", "assinalado_er": "0", "idEmpresa": 16, "user": 1, "history_date": "2024-01-15T14:30:28.281Z", "history_change_reason": null, "history_type": "+", "history_user": 27}}, {"model": "webapi.historicalpedidos_quitacao", "pk": 99, "fields": {"idPedido": 21, "estado": "1", "estado_info": "processamento", "estado_info_inter": "processamento", "data_submisao": "2024-01-15", "tipo": "green", "revisto": "0", "assinalado": "0", "assinalado_er": "0", "idEmpresa": 16, "user": 1, "history_date": "2024-01-15T14:30:28.287Z", "history_change_reason": null, "history_type": "~", "history_user": 27}}, {"model": "webapi.historicalpedidos_quitacao", "pk": 100, "fields": {"idPedido": 22, "estado": "1", "estado_info": "processamento", "estado_info_inter": "processamento", "data_submisao": "2024-01-15", "tipo": "green", "revisto": "0", "assinalado": "0", "assinalado_er": "0", "idEmpresa": 16, "user": 1, "history_date": "2024-01-15T14:34:50.151Z", "history_change_reason": null, "history_type": "+", "history_user": 27}}, {"model": "webapi.historicalpedidos_quitacao", "pk": 101, "fields": {"idPedido": 22, "estado": "1", "estado_info": "processamento", "estado_info_inter": "processamento", "data_submisao": "2024-01-15", "tipo": "green", "revisto": "0", "assinalado": "0", "assinalado_er": "0", "idEmpresa": 16, "user": 1, "history_date": "2024-01-15T14:34:50.158Z", "history_change_reason": null, "history_type": "~", "history_user": 27}}, {"model": "webapi.historicalpedidos_quitacao", "pk": 102, "fields": {"idPedido": 23, "estado": "1", "estado_info": "processamento", "estado_info_inter": "processamento", "data_submisao": "2024-01-15", "tipo": "green", "revisto": "0", "assinalado": "0", "assinalado_er": "0", "idEmpresa": 17, "user": 1, "history_date": "2024-01-15T21:06:07.588Z", "history_change_reason": null, "history_type": "+", "history_user": 28}}, {"model": "webapi.historicalpedidos_quitacao", "pk": 103, "fields": {"idPedido": 23, "estado": "1", "estado_info": "processamento", "estado_info_inter": "processamento", "data_submisao": "2024-01-15", "tipo": "green", "revisto": "0", "assinalado": "0", "assinalado_er": "0", "idEmpresa": 17, "user": 1, "history_date": "2024-01-15T21:06:07.596Z", "history_change_reason": null, "history_type": "~", "history_user": 28}}, {"model": "webapi.historicalpedidos_quitacao", "pk": 104, "fields": {"idPedido": 24, "estado": "1", "estado_info": "processamento", "estado_info_inter": "processamento", "data_submisao": "2024-01-15", "tipo": "green", "revisto": "0", "assinalado": "0", "assinalado_er": "0", "idEmpresa": 17, "user": 1, "history_date": "2024-01-15T21:19:33.453Z", "history_change_reason": null, "history_type": "+", "history_user": 28}}, {"model": "webapi.historicalpedidos_quitacao", "pk": 105, "fields": {"idPedido": 24, "estado": "1", "estado_info": "processamento", "estado_info_inter": "processamento", "data_submisao": "2024-01-15", "tipo": "green", "revisto": "0", "assinalado": "0", "assinalado_er": "0", "idEmpresa": 17, "user": 1, "history_date": "2024-01-15T21:19:33.460Z", "history_change_reason": null, "history_type": "~", "history_user": 28}}, {"model": "webapi.historicalpedidos_quitacao", "pk": 106, "fields": {"idPedido": 25, "estado": "1", "estado_info": "processamento", "estado_info_inter": "processamento", "data_submisao": "2024-01-15", "tipo": "green", "revisto": "0", "assinalado": "0", "assinalado_er": "0", "idEmpresa": 17, "user": 1, "history_date": "2024-01-15T21:19:53.507Z", "history_change_reason": null, "history_type": "+", "history_user": 28}}, {"model": "webapi.historicalpedidos_quitacao", "pk": 107, "fields": {"idPedido": 25, "estado": "1", "estado_info": "processamento", "estado_info_inter": "processamento", "data_submisao": "2024-01-15", "tipo": "green", "revisto": "0", "assinalado": "0", "assinalado_er": "0", "idEmpresa": 17, "user": 1, "history_date": "2024-01-15T21:19:53.512Z", "history_change_reason": null, "history_type": "~", "history_user": 28}}, {"model": "webapi.historicalpedidos_quitacao", "pk": 108, "fields": {"idPedido": 26, "estado": "1", "estado_info": "processamento", "estado_info_inter": "processamento", "data_submisao": "2024-01-15", "tipo": "green", "revisto": "0", "assinalado": "0", "assinalado_er": "0", "idEmpresa": 17, "user": 1, "history_date": "2024-01-15T21:20:34.902Z", "history_change_reason": null, "history_type": "+", "history_user": 28}}, {"model": "webapi.historicalpedidos_quitacao", "pk": 109, "fields": {"idPedido": 26, "estado": "1", "estado_info": "processamento", "estado_info_inter": "processamento", "data_submisao": "2024-01-15", "tipo": "green", "revisto": "0", "assinalado": "0", "assinalado_er": "0", "idEmpresa": 17, "user": 1, "history_date": "2024-01-15T21:20:34.909Z", "history_change_reason": null, "history_type": "~", "history_user": 28}}, {"model": "webapi.historicalpedidos_quitacao", "pk": 110, "fields": {"idPedido": 27, "estado": "1", "estado_info": "processamento", "estado_info_inter": "processamento", "data_submisao": "2024-01-15", "tipo": "green", "revisto": "0", "assinalado": "0", "assinalado_er": "0", "idEmpresa": 17, "user": 1, "history_date": "2024-01-15T21:22:12.440Z", "history_change_reason": null, "history_type": "+", "history_user": 28}}, {"model": "webapi.historicalpedidos_quitacao", "pk": 111, "fields": {"idPedido": 27, "estado": "1", "estado_info": "processamento", "estado_info_inter": "processamento", "data_submisao": "2024-01-15", "tipo": "green", "revisto": "0", "assinalado": "0", "assinalado_er": "0", "idEmpresa": 17, "user": 1, "history_date": "2024-01-15T21:22:12.446Z", "history_change_reason": null, "history_type": "~", "history_user": 28}}, {"model": "webapi.historicalpedidos_quitacao", "pk": 112, "fields": {"idPedido": 28, "estado": "1", "estado_info": "processamento", "estado_info_inter": "processamento", "data_submisao": "2024-01-15", "tipo": "green", "revisto": "0", "assinalado": "0", "assinalado_er": "0", "idEmpresa": 17, "user": 1, "history_date": "2024-01-15T21:22:37.785Z", "history_change_reason": null, "history_type": "+", "history_user": 28}}, {"model": "webapi.historicalpedidos_quitacao", "pk": 113, "fields": {"idPedido": 28, "estado": "1", "estado_info": "processamento", "estado_info_inter": "processamento", "data_submisao": "2024-01-15", "tipo": "green", "revisto": "0", "assinalado": "0", "assinalado_er": "0", "idEmpresa": 17, "user": 1, "history_date": "2024-01-15T21:22:37.791Z", "history_change_reason": null, "history_type": "~", "history_user": 28}}, {"model": "webapi.historicalpedidos_quitacao", "pk": 114, "fields": {"idPedido": 29, "estado": "1", "estado_info": "processamento", "estado_info_inter": "processamento", "data_submisao": "2024-02-29", "tipo": "green", "revisto": "0", "assinalado": "0", "assinalado_er": "0", "idEmpresa": 9, "user": 1, "history_date": "2024-02-29T09:10:03.869Z", "history_change_reason": null, "history_type": "+", "history_user": 17}}, {"model": "webapi.historicalpedidos_quitacao", "pk": 115, "fields": {"idPedido": 29, "estado": "1", "estado_info": "processamento", "estado_info_inter": "processamento", "data_submisao": "2024-02-29", "tipo": "green", "revisto": "0", "assinalado": "0", "assinalado_er": "0", "idEmpresa": 9, "user": 1, "history_date": "2024-02-29T09:10:03.891Z", "history_change_reason": null, "history_type": "~", "history_user": 17}}, {"model": "webapi.historicalpedidos_quitacao", "pk": 116, "fields": {"idPedido": 30, "estado": "1", "estado_info": "processamento", "estado_info_inter": "processamento", "data_submisao": "2024-03-05", "tipo": "green", "revisto": "0", "assinalado": "0", "assinalado_er": "0", "idEmpresa": 9, "user": 1, "history_date": "2024-03-05T06:51:12.012Z", "history_change_reason": null, "history_type": "+", "history_user": 17}}, {"model": "webapi.historicalpedidos_quitacao", "pk": 117, "fields": {"idPedido": 30, "estado": "1", "estado_info": "processamento", "estado_info_inter": "processamento", "data_submisao": "2024-03-05", "tipo": "green", "revisto": "0", "assinalado": "0", "assinalado_er": "0", "idEmpresa": 9, "user": 1, "history_date": "2024-03-05T06:51:12.033Z", "history_change_reason": null, "history_type": "~", "history_user": 17}}, {"model": "webapi.historicalpedidos_quitacao", "pk": 118, "fields": {"idPedido": 31, "estado": "1", "estado_info": "processamento", "estado_info_inter": "processamento", "data_submisao": "2024-03-05", "tipo": "green", "revisto": "0", "assinalado": "0", "assinalado_er": "0", "idEmpresa": 9, "user": 1, "history_date": "2024-03-05T06:52:15.194Z", "history_change_reason": null, "history_type": "+", "history_user": 17}}, {"model": "webapi.historicalpedidos_quitacao", "pk": 119, "fields": {"idPedido": 31, "estado": "1", "estado_info": "processamento", "estado_info_inter": "processamento", "data_submisao": "2024-03-05", "tipo": "green", "revisto": "0", "assinalado": "0", "assinalado_er": "0", "idEmpresa": 9, "user": 1, "history_date": "2024-03-05T06:52:15.204Z", "history_change_reason": null, "history_type": "~", "history_user": 17}}, {"model": "webapi.historicalpedidos_quitacao", "pk": 120, "fields": {"idPedido": 32, "estado": "1", "estado_info": "processamento", "estado_info_inter": "processamento", "data_submisao": "2024-03-07", "tipo": "green", "revisto": "0", "assinalado": "0", "assinalado_er": "0", "idEmpresa": 14, "user": 1, "history_date": "2024-03-07T12:37:37.093Z", "history_change_reason": null, "history_type": "+", "history_user": 23}}, {"model": "webapi.historicalpedidos_quitacao", "pk": 121, "fields": {"idPedido": 32, "estado": "1", "estado_info": "processamento", "estado_info_inter": "processamento", "data_submisao": "2024-03-07", "tipo": "green", "revisto": "0", "assinalado": "0", "assinalado_er": "0", "idEmpresa": 14, "user": 1, "history_date": "2024-03-07T12:37:37.110Z", "history_change_reason": null, "history_type": "~", "history_user": 23}}, {"model": "webapi.pedidos_quitacao", "pk": 1, "fields": {"idEmpresa": 1, "estado": "2", "estado_info": "Aprovado", "estado_info_inter": "", "data_submisao": "2023-08-03", "tipo": "green", "revisto": "2", "assinalado": "0", "assinalado_er": "0", "user": 1}}, {"model": "webapi.pedidos_quitacao", "pk": 2, "fields": {"idEmpresa": 1, "estado": "1", "estado_info": "processamento", "estado_info_inter": "processamento", "data_submisao": "2023-08-03", "tipo": "green", "revisto": "0", "assinalado": "1", "assinalado_er": "1", "user": 13}}, {"model": "webapi.pedidos_quitacao", "pk": 3, "fields": {"idEmpresa": 1, "estado": "1", "estado_info": "processamento", "estado_info_inter": "processamento", "data_submisao": "2023-08-03", "tipo": "green", "revisto": "0", "assinalado": "0", "assinalado_er": "3", "user": 13}}, {"model": "webapi.pedidos_quitacao", "pk": 4, "fields": {"idEmpresa": 1, "estado": "1", "estado_info": "processamento", "estado_info_inter": "processamento", "data_submisao": "2023-08-03", "tipo": "green", "revisto": "0", "assinalado": "1", "assinalado_er": "0", "user": 14}}, {"model": "webapi.pedidos_quitacao", "pk": 5, "fields": {"idEmpresa": 1, "estado": "1", "estado_info": "processamento", "estado_info_inter": "", "data_submisao": "2023-08-03", "tipo": "green", "revisto": "1", "assinalado": "0", "assinalado_er": "0", "user": 1}}, {"model": "webapi.pedidos_quitacao", "pk": 6, "fields": {"idEmpresa": 2, "estado": "2", "estado_info": "Aprovado", "estado_info_inter": "Negativo", "data_submisao": "2023-08-03", "tipo": "green", "revisto": "2", "assinalado": "0", "assinalado_er": "0", "user": 1}}, {"model": "webapi.pedidos_quitacao", "pk": 7, "fields": {"idEmpresa": 4, "estado": "2", "estado_info": "Aprovado", "estado_info_inter": "dfdf", "data_submisao": "2023-08-28", "tipo": "green", "revisto": "2", "assinalado": "0", "assinalado_er": "0", "user": 1}}, {"model": "webapi.pedidos_quitacao", "pk": 8, "fields": {"idEmpresa": 4, "estado": "2", "estado_info": "Reprovado", "estado_info_inter": "", "data_submisao": "2023-08-28", "tipo": "red", "revisto": "1", "assinalado": "0", "assinalado_er": "0", "user": 1}}, {"model": "webapi.pedidos_quitacao", "pk": 9, "fields": {"idEmpresa": 6, "estado": "1", "estado_info": "Reprovado", "estado_info_inter": "", "data_submisao": "2023-08-30", "tipo": "red", "revisto": "2", "assinalado": "0", "assinalado_er": "3", "user": 14}}, {"model": "webapi.pedidos_quitacao", "pk": 10, "fields": {"idEmpresa": 6, "estado": "2", "estado_info": "Aprovado", "estado_info_inter": "passa", "data_submisao": "2023-08-30", "tipo": "green", "revisto": "2", "assinalado": "0", "assinalado_er": "3", "user": 13}}, {"model": "webapi.pedidos_quitacao", "pk": 11, "fields": {"idEmpresa": 7, "estado": "2", "estado_info": "Aprovado", "estado_info_inter": "", "data_submisao": "2023-08-30", "tipo": "green", "revisto": "2", "assinalado": "0", "assinalado_er": "3", "user": 13}}, {"model": "webapi.pedidos_quitacao", "pk": 12, "fields": {"idEmpresa": 8, "estado": "2", "estado_info": "Aprovado", "estado_info_inter": "", "data_submisao": "2023-08-30", "tipo": "green", "revisto": "2", "assinalado": "0", "assinalado_er": "3", "user": 13}}, {"model": "webapi.pedidos_quitacao", "pk": 13, "fields": {"idEmpresa": 9, "estado": "2", "estado_info": "Aprovado", "estado_info_inter": "", "data_submisao": "2023-08-31", "tipo": "green", "revisto": "2", "assinalado": "0", "assinalado_er": "3", "user": 13}}, {"model": "webapi.pedidos_quitacao", "pk": 14, "fields": {"idEmpresa": 10, "estado": "2", "estado_info": "Aprovado", "estado_info_inter": "", "data_submisao": "2023-09-01", "tipo": "green", "revisto": "2", "assinalado": "0", "assinalado_er": "3", "user": 13}}, {"model": "webapi.pedidos_quitacao", "pk": 15, "fields": {"idEmpresa": 11, "estado": "1", "estado_info": "processamento", "estado_info_inter": "processamento", "data_submisao": "2023-09-01", "tipo": "green", "revisto": "0", "assinalado": "1", "assinalado_er": "1", "user": 13}}, {"model": "webapi.pedidos_quitacao", "pk": 16, "fields": {"idEmpresa": 12, "estado": "2", "estado_info": "Aprovado", "estado_info_inter": "", "data_submisao": "2023-11-28", "tipo": "green", "revisto": "2", "assinalado": "0", "assinalado_er": "3", "user": 13}}, {"model": "webapi.pedidos_quitacao", "pk": 17, "fields": {"idEmpresa": 14, "estado": "1", "estado_info": "processamento", "estado_info_inter": "processamento", "data_submisao": "2024-01-10", "tipo": "green", "revisto": "0", "assinalado": "0", "assinalado_er": "0", "user": 1}}, {"model": "webapi.pedidos_quitacao", "pk": 18, "fields": {"idEmpresa": 9, "estado": "1", "estado_info": "processamento", "estado_info_inter": "processamento", "data_submisao": "2024-01-13", "tipo": "green", "revisto": "0", "assinalado": "0", "assinalado_er": "0", "user": 1}}, {"model": "webapi.pedidos_quitacao", "pk": 19, "fields": {"idEmpresa": 15, "estado": "1", "estado_info": "processamento", "estado_info_inter": "", "data_submisao": "2024-01-13", "tipo": "green", "revisto": "1", "assinalado": "0", "assinalado_er": "3", "user": 13}}, {"model": "webapi.pedidos_quitacao", "pk": 20, "fields": {"idEmpresa": 16, "estado": "1", "estado_info": "processamento", "estado_info_inter": "processamento", "data_submisao": "2024-01-15", "tipo": "green", "revisto": "0", "assinalado": "0", "assinalado_er": "0", "user": 1}}, {"model": "webapi.pedidos_quitacao", "pk": 21, "fields": {"idEmpresa": 16, "estado": "1", "estado_info": "processamento", "estado_info_inter": "processamento", "data_submisao": "2024-01-15", "tipo": "green", "revisto": "0", "assinalado": "0", "assinalado_er": "0", "user": 1}}, {"model": "webapi.pedidos_quitacao", "pk": 22, "fields": {"idEmpresa": 16, "estado": "1", "estado_info": "processamento", "estado_info_inter": "processamento", "data_submisao": "2024-01-15", "tipo": "green", "revisto": "0", "assinalado": "0", "assinalado_er": "0", "user": 1}}, {"model": "webapi.pedidos_quitacao", "pk": 23, "fields": {"idEmpresa": 17, "estado": "1", "estado_info": "processamento", "estado_info_inter": "processamento", "data_submisao": "2024-01-15", "tipo": "green", "revisto": "0", "assinalado": "0", "assinalado_er": "0", "user": 1}}, {"model": "webapi.pedidos_quitacao", "pk": 24, "fields": {"idEmpresa": 17, "estado": "1", "estado_info": "processamento", "estado_info_inter": "processamento", "data_submisao": "2024-01-15", "tipo": "green", "revisto": "0", "assinalado": "0", "assinalado_er": "0", "user": 1}}, {"model": "webapi.pedidos_quitacao", "pk": 25, "fields": {"idEmpresa": 17, "estado": "1", "estado_info": "processamento", "estado_info_inter": "processamento", "data_submisao": "2024-01-15", "tipo": "green", "revisto": "0", "assinalado": "0", "assinalado_er": "0", "user": 1}}, {"model": "webapi.pedidos_quitacao", "pk": 26, "fields": {"idEmpresa": 17, "estado": "1", "estado_info": "processamento", "estado_info_inter": "processamento", "data_submisao": "2024-01-15", "tipo": "green", "revisto": "0", "assinalado": "0", "assinalado_er": "0", "user": 1}}, {"model": "webapi.pedidos_quitacao", "pk": 27, "fields": {"idEmpresa": 17, "estado": "1", "estado_info": "processamento", "estado_info_inter": "processamento", "data_submisao": "2024-01-15", "tipo": "green", "revisto": "0", "assinalado": "0", "assinalado_er": "0", "user": 1}}, {"model": "webapi.pedidos_quitacao", "pk": 28, "fields": {"idEmpresa": 17, "estado": "1", "estado_info": "processamento", "estado_info_inter": "processamento", "data_submisao": "2024-01-15", "tipo": "green", "revisto": "0", "assinalado": "0", "assinalado_er": "0", "user": 1}}, {"model": "webapi.pedidos_quitacao", "pk": 29, "fields": {"idEmpresa": 9, "estado": "1", "estado_info": "processamento", "estado_info_inter": "processamento", "data_submisao": "2024-02-29", "tipo": "green", "revisto": "0", "assinalado": "0", "assinalado_er": "0", "user": 1}}, {"model": "webapi.pedidos_quitacao", "pk": 30, "fields": {"idEmpresa": 9, "estado": "1", "estado_info": "processamento", "estado_info_inter": "processamento", "data_submisao": "2024-03-05", "tipo": "green", "revisto": "0", "assinalado": "0", "assinalado_er": "0", "user": 1}}, {"model": "webapi.pedidos_quitacao", "pk": 31, "fields": {"idEmpresa": 9, "estado": "1", "estado_info": "processamento", "estado_info_inter": "processamento", "data_submisao": "2024-03-05", "tipo": "green", "revisto": "0", "assinalado": "0", "assinalado_er": "0", "user": 1}}, {"model": "webapi.pedidos_quitacao", "pk": 32, "fields": {"idEmpresa": 14, "estado": "1", "estado_info": "processamento", "estado_info_inter": "processamento", "data_submisao": "2024-03-07", "tipo": "green", "revisto": "0", "assinalado": "0", "assinalado_er": "0", "user": 1}}, {"model": "webapi.historicalquitacao", "pk": 1, "fields": {"idQuitacao": 1, "serialNumber": "cUGPX4IdCYUOAHN", "data_emissao": "2023-08-03", "data_expiracao": "2023-11-03", "idPedido": 1, "history_date": "2023-08-03T00:46:45.813Z", "history_change_reason": null, "history_type": "+", "history_user": 5}}, {"model": "webapi.historicalquitacao", "pk": 2, "fields": {"idQuitacao": 1, "serialNumber": "cUGPX4IdCYUOAHN", "data_emissao": "2023-08-03", "data_expiracao": "2023-11-03", "idPedido": 1, "history_date": "2023-08-03T00:46:45.823Z", "history_change_reason": null, "history_type": "~", "history_user": 5}}, {"model": "webapi.historicalquitacao", "pk": 3, "fields": {"idQuitacao": 2, "serialNumber": "v1BEHFGEKNBYyAH", "data_emissao": "2023-08-03", "data_expiracao": "2023-11-03", "idPedido": 6, "history_date": "2023-08-03T06:26:39.333Z", "history_change_reason": null, "history_type": "+", "history_user": 5}}, {"model": "webapi.historicalquitacao", "pk": 4, "fields": {"idQuitacao": 2, "serialNumber": "v1BEHFGEKNBYyAH", "data_emissao": "2023-08-03", "data_expiracao": "2023-11-03", "idPedido": 6, "history_date": "2023-08-03T06:26:39.348Z", "history_change_reason": null, "history_type": "~", "history_user": 5}}, {"model": "webapi.historicalquitacao", "pk": 5, "fields": {"idQuitacao": 3, "serialNumber": "dCksRRog8BHlZfg", "data_emissao": "2023-08-28", "data_expiracao": "2023-11-28", "idPedido": 7, "history_date": "2023-08-28T15:00:07.004Z", "history_change_reason": null, "history_type": "+", "history_user": 10}}, {"model": "webapi.historicalquitacao", "pk": 6, "fields": {"idQuitacao": 3, "serialNumber": "dCksRRog8BHlZfg", "data_emissao": "2023-08-28", "data_expiracao": "2023-11-28", "idPedido": 7, "history_date": "2023-08-28T15:00:07.017Z", "history_change_reason": null, "history_type": "~", "history_user": 10}}, {"model": "webapi.historicalquitacao", "pk": 7, "fields": {"idQuitacao": 4, "serialNumber": "02htZNsgq0JmVRk", "data_emissao": "2023-08-28", "data_expiracao": "2023-11-28", "idPedido": 7, "history_date": "2023-08-28T15:01:59.598Z", "history_change_reason": null, "history_type": "+", "history_user": 10}}, {"model": "webapi.historicalquitacao", "pk": 8, "fields": {"idQuitacao": 4, "serialNumber": "02htZNsgq0JmVRk", "data_emissao": "2023-08-28", "data_expiracao": "2023-11-28", "idPedido": 7, "history_date": "2023-08-28T15:01:59.605Z", "history_change_reason": null, "history_type": "~", "history_user": 10}}, {"model": "webapi.historicalquitacao", "pk": 9, "fields": {"idQuitacao": 5, "serialNumber": "PxV0E8qrbyoMP5D", "data_emissao": "2023-08-28", "data_expiracao": "2023-11-28", "idPedido": 7, "history_date": "2023-08-28T15:04:20.272Z", "history_change_reason": null, "history_type": "+", "history_user": 10}}, {"model": "webapi.historicalquitacao", "pk": 10, "fields": {"idQuitacao": 5, "serialNumber": "PxV0E8qrbyoMP5D", "data_emissao": "2023-08-28", "data_expiracao": "2023-11-28", "idPedido": 7, "history_date": "2023-08-28T15:04:20.277Z", "history_change_reason": null, "history_type": "~", "history_user": 10}}, {"model": "webapi.historicalquitacao", "pk": 11, "fields": {"idQuitacao": 6, "serialNumber": "JPEqyRPyouE29RZ", "data_emissao": "2023-08-28", "data_expiracao": "2023-11-28", "idPedido": 7, "history_date": "2023-08-28T15:05:42.675Z", "history_change_reason": null, "history_type": "+", "history_user": 10}}, {"model": "webapi.historicalquitacao", "pk": 12, "fields": {"idQuitacao": 6, "serialNumber": "JPEqyRPyouE29RZ", "data_emissao": "2023-08-28", "data_expiracao": "2023-11-28", "idPedido": 7, "history_date": "2023-08-28T15:05:42.681Z", "history_change_reason": null, "history_type": "~", "history_user": 10}}, {"model": "webapi.historicalquitacao", "pk": 13, "fields": {"idQuitacao": 7, "serialNumber": "FVLSolEYHtlEX8S", "data_emissao": "2023-08-28", "data_expiracao": "2023-11-28", "idPedido": 7, "history_date": "2023-08-28T15:06:06.882Z", "history_change_reason": null, "history_type": "+", "history_user": 10}}, {"model": "webapi.historicalquitacao", "pk": 14, "fields": {"idQuitacao": 7, "serialNumber": "FVLSolEYHtlEX8S", "data_emissao": "2023-08-28", "data_expiracao": "2023-11-28", "idPedido": 7, "history_date": "2023-08-28T15:06:06.887Z", "history_change_reason": null, "history_type": "~", "history_user": 10}}, {"model": "webapi.historicalquitacao", "pk": 15, "fields": {"idQuitacao": 8, "serialNumber": "m6xuMicctIYuJsg", "data_emissao": "2023-08-28", "data_expiracao": "2023-11-28", "idPedido": 7, "history_date": "2023-08-28T15:06:40.215Z", "history_change_reason": null, "history_type": "+", "history_user": 10}}, {"model": "webapi.historicalquitacao", "pk": 16, "fields": {"idQuitacao": 8, "serialNumber": "m6xuMicctIYuJsg", "data_emissao": "2023-08-28", "data_expiracao": "2023-11-28", "idPedido": 7, "history_date": "2023-08-28T15:06:40.219Z", "history_change_reason": null, "history_type": "~", "history_user": 10}}, {"model": "webapi.historicalquitacao", "pk": 17, "fields": {"idQuitacao": 9, "serialNumber": "SGG2gNPsEqD2T1F", "data_emissao": "2023-08-30", "data_expiracao": "2023-11-30", "idPedido": 10, "history_date": "2023-08-30T14:17:51.603Z", "history_change_reason": null, "history_type": "+", "history_user": 10}}, {"model": "webapi.historicalquitacao", "pk": 18, "fields": {"idQuitacao": 9, "serialNumber": "SGG2gNPsEqD2T1F", "data_emissao": "2023-08-30", "data_expiracao": "2023-11-30", "idPedido": 10, "history_date": "2023-08-30T14:17:51.629Z", "history_change_reason": null, "history_type": "~", "history_user": 10}}, {"model": "webapi.historicalquitacao", "pk": 19, "fields": {"idQuitacao": 10, "serialNumber": "Q8CVeJuzP2Uo4UW", "data_emissao": "2023-08-30", "data_expiracao": "2023-11-30", "idPedido": 11, "history_date": "2023-08-30T19:37:10.460Z", "history_change_reason": null, "history_type": "+", "history_user": 10}}, {"model": "webapi.historicalquitacao", "pk": 20, "fields": {"idQuitacao": 10, "serialNumber": "Q8CVeJuzP2Uo4UW", "data_emissao": "2023-08-30", "data_expiracao": "2023-11-30", "idPedido": 11, "history_date": "2023-08-30T19:37:10.466Z", "history_change_reason": null, "history_type": "~", "history_user": 10}}, {"model": "webapi.historicalquitacao", "pk": 21, "fields": {"idQuitacao": 11, "serialNumber": "87Kv4xGEkiwdp91", "data_emissao": "2023-08-30", "data_expiracao": "2023-11-30", "idPedido": 12, "history_date": "2023-08-30T19:57:21.108Z", "history_change_reason": null, "history_type": "+", "history_user": 10}}, {"model": "webapi.historicalquitacao", "pk": 22, "fields": {"idQuitacao": 11, "serialNumber": "87Kv4xGEkiwdp91", "data_emissao": "2023-08-30", "data_expiracao": "2023-11-30", "idPedido": 12, "history_date": "2023-08-30T19:57:21.115Z", "history_change_reason": null, "history_type": "~", "history_user": 10}}, {"model": "webapi.historicalquitacao", "pk": 23, "fields": {"idQuitacao": 12, "serialNumber": "mCKHuvNXDQiJGbW", "data_emissao": "2023-08-31", "data_expiracao": "2023-08-31", "idPedido": 13, "history_date": "2023-08-31T08:41:48.575Z", "history_change_reason": null, "history_type": "+", "history_user": 10}}, {"model": "webapi.historicalquitacao", "pk": 24, "fields": {"idQuitacao": 12, "serialNumber": "mCKHuvNXDQiJGbW", "data_emissao": "2023-08-31", "data_expiracao": "2023-08-31", "idPedido": 13, "history_date": "2023-08-31T08:41:48.583Z", "history_change_reason": null, "history_type": "~", "history_user": 10}}, {"model": "webapi.historicalquitacao", "pk": 25, "fields": {"idQuitacao": 13, "serialNumber": "5sNRYz2LqeFYTNj", "data_emissao": "2023-09-01", "data_expiracao": "2023-12-01", "idPedido": 14, "history_date": "2023-09-01T08:58:32.896Z", "history_change_reason": null, "history_type": "+", "history_user": 10}}, {"model": "webapi.historicalquitacao", "pk": 26, "fields": {"idQuitacao": 13, "serialNumber": "5sNRYz2LqeFYTNj", "data_emissao": "2023-09-01", "data_expiracao": "2023-12-01", "idPedido": 14, "history_date": "2023-09-01T08:58:32.902Z", "history_change_reason": null, "history_type": "~", "history_user": 10}}, {"model": "webapi.quitacao", "pk": 1, "fields": {"idPedido": 1, "serialNumber": "cUGPX4IdCYUOAHN", "data_emissao": "2023-08-03", "data_expiracao": "2023-11-03"}}, {"model": "webapi.quitacao", "pk": 2, "fields": {"idPedido": 6, "serialNumber": "v1BEHFGEKNBYyAH", "data_emissao": "2023-08-03", "data_expiracao": "2023-11-03"}}, {"model": "webapi.quitacao", "pk": 3, "fields": {"idPedido": 7, "serialNumber": "dCksRRog8BHlZfg", "data_emissao": "2023-08-28", "data_expiracao": "2023-11-28"}}, {"model": "webapi.quitacao", "pk": 4, "fields": {"idPedido": 7, "serialNumber": "02htZNsgq0JmVRk", "data_emissao": "2023-08-28", "data_expiracao": "2023-11-28"}}, {"model": "webapi.quitacao", "pk": 5, "fields": {"idPedido": 7, "serialNumber": "PxV0E8qrbyoMP5D", "data_emissao": "2023-08-28", "data_expiracao": "2023-11-28"}}, {"model": "webapi.quitacao", "pk": 6, "fields": {"idPedido": 7, "serialNumber": "JPEqyRPyouE29RZ", "data_emissao": "2023-08-28", "data_expiracao": "2023-11-28"}}, {"model": "webapi.quitacao", "pk": 7, "fields": {"idPedido": 7, "serialNumber": "FVLSolEYHtlEX8S", "data_emissao": "2023-08-28", "data_expiracao": "2023-11-28"}}, {"model": "webapi.quitacao", "pk": 8, "fields": {"idPedido": 7, "serialNumber": "m6xuMicctIYuJsg", "data_emissao": "2023-08-28", "data_expiracao": "2023-11-28"}}, {"model": "webapi.quitacao", "pk": 9, "fields": {"idPedido": 10, "serialNumber": "SGG2gNPsEqD2T1F", "data_emissao": "2023-08-30", "data_expiracao": "2023-11-30"}}, {"model": "webapi.quitacao", "pk": 10, "fields": {"idPedido": 11, "serialNumber": "Q8CVeJuzP2Uo4UW", "data_emissao": "2023-08-30", "data_expiracao": "2023-11-30"}}, {"model": "webapi.quitacao", "pk": 11, "fields": {"idPedido": 12, "serialNumber": "87Kv4xGEkiwdp91", "data_emissao": "2023-08-30", "data_expiracao": "2023-11-30"}}, {"model": "webapi.quitacao", "pk": 12, "fields": {"idPedido": 13, "serialNumber": "mCKHuvNXDQiJGbW", "data_emissao": "2023-08-31", "data_expiracao": "2023-08-31"}}, {"model": "webapi.quitacao", "pk": 13, "fields": {"idPedido": 14, "serialNumber": "5sNRYz2LqeFYTNj", "data_emissao": "2023-09-01", "data_expiracao": "2023-12-01"}}, {"model": "webapi.historicalempresa_quitacao", "pk": 1, "fields": {"id": 1, "idEmpresa": 1, "idQuitacao": 1, "history_date": "2023-08-03T00:46:45.828Z", "history_change_reason": null, "history_type": "+", "history_user": 5}}, {"model": "webapi.historicalempresa_quitacao", "pk": 2, "fields": {"id": 2, "idEmpresa": 4, "idQuitacao": 8, "history_date": "2023-08-28T15:06:40.232Z", "history_change_reason": null, "history_type": "+", "history_user": 10}}, {"model": "webapi.historicalempresa_quitacao", "pk": 3, "fields": {"id": 3, "idEmpresa": 6, "idQuitacao": 9, "history_date": "2023-08-30T14:17:51.658Z", "history_change_reason": null, "history_type": "+", "history_user": 10}}, {"model": "webapi.historicalempresa_quitacao", "pk": 4, "fields": {"id": 4, "idEmpresa": 7, "idQuitacao": 10, "history_date": "2023-08-30T19:37:10.475Z", "history_change_reason": null, "history_type": "+", "history_user": 10}}, {"model": "webapi.historicalempresa_quitacao", "pk": 5, "fields": {"id": 5, "idEmpresa": 8, "idQuitacao": 11, "history_date": "2023-08-30T19:57:21.125Z", "history_change_reason": null, "history_type": "+", "history_user": 10}}, {"model": "webapi.historicalempresa_quitacao", "pk": 6, "fields": {"id": 6, "idEmpresa": 9, "idQuitacao": 12, "history_date": "2023-08-31T08:41:48.592Z", "history_change_reason": null, "history_type": "+", "history_user": 10}}, {"model": "webapi.historicalempresa_quitacao", "pk": 7, "fields": {"id": 7, "idEmpresa": 10, "idQuitacao": 13, "history_date": "2023-09-01T08:58:32.908Z", "history_change_reason": null, "history_type": "+", "history_user": 10}}, {"model": "webapi.empresa_quitacao", "pk": 1, "fields": {"idEmpresa": 1, "idQuitacao": 1}}, {"model": "webapi.empresa_quitacao", "pk": 2, "fields": {"idEmpresa": 4, "idQuitacao": 8}}, {"model": "webapi.empresa_quitacao", "pk": 3, "fields": {"idEmpresa": 6, "idQuitacao": 9}}, {"model": "webapi.empresa_quitacao", "pk": 4, "fields": {"idEmpresa": 7, "idQuitacao": 10}}, {"model": "webapi.empresa_quitacao", "pk": 5, "fields": {"idEmpresa": 8, "idQuitacao": 11}}, {"model": "webapi.empresa_quitacao", "pk": 6, "fields": {"idEmpresa": 9, "idQuitacao": 12}}, {"model": "webapi.empresa_quitacao", "pk": 7, "fields": {"idEmpresa": 10, "idQuitacao": 13}}, {"model": "webapi.empresa_atencedentes", "pk": 1, "fields": {"idEmpresa": 4, "info": "Devio de capital", "data_submisao": "2023-08-29"}}, {"model": "webapi.empresa_atencedentes", "pk": 2, "fields": {"idEmpresa": 4, "info": "msdasd", "data_submisao": "2023-08-29"}}, {"model": "webapi.empresa_atencedentes", "pk": 3, "fields": {"idEmpresa": 4, "info": "adasd", "data_submisao": "2023-08-29"}}, {"model": "webapi.empresa_atencedentes", "pk": 4, "fields": {"idEmpresa": 4, "info": "processo de falencia", "data_submisao": "2023-08-29"}}, {"model": "webapi.empresa_atencedentes", "pk": 5, "fields": {"idEmpresa": 6, "info": "cvcv", "data_submisao": "2023-08-30"}}]